hour,distance_km,route_deviation_m,unexpected_stop_s,nearby_safe_zone_count,nearby_police_or_hospital,community_reports_nearby,is_weekend,safety_score,high_risk
2,6.69,77.4,53.8,0,0,2,0,47.5,1
18,4.87,5.7,33.4,1,0,2,0,87.8,0
15,2.19,84.2,38.2,3,0,2,0,78.9,0
10,6.04,0.6,9.6,3,0,0,0,86.8,0
10,0.95,0.3,20.1,0,0,0,1,91.9,0
20,6.26,84.9,27.3,7,0,1,1,88.3,0
2,4.84,2.2,3.9,0,1,0,0,79.8,0
16,1.15,19.2,42.5,3,0,1,1,97.7,0
4,0.91,115.0,8.4,4,0,0,0,64.2,1
2,6.08,2.8,5.2,3,1,0,1,72.5,0
12,2.56,8.3,35.0,1,1,0,0,100.0,0
23,7.15,47.3,31.8,1,1,0,1,61.2,1
17,6.17,243.4,23.9,1,1,2,0,64.0,1
18,5.68,67.9,0.0,3,0,1,0,82.8,0
17,2.45,176.8,15.3,4,0,0,1,89.7,0
18,5.76,171.6,4.2,2,0,2,0,68.7,0
12,7.6,300.5,4.0,3,0,1,0,94.2,0
3,1.01,118.9,42.3,3,0,1,1,63.8,1
20,2.81,71.8,6.8,1,0,1,0,58.5,1
10,2.11,9.3,18.4,3,0,2,0,92.6,0
12,3.33,74.3,8.2,5,1,2,0,100.0,0
8,6.02,49.0,7.5,3,1,2,0,88.7,0
4,3.95,53.3,14.2,6,1,0,0,78.4,0
22,4.69,50.6,4.6,6,0,0,0,78.7,0
18,2.72,100.7,59.0,3,1,0,0,100.0,0
15,1.39,125.3,8.3,2,0,0,1,100.0,0
9,2.36,0.9,41.4,1,0,0,1,98.9,0
19,6.92,27.9,8.7,0,0,1,0,83.4,0
13,4.94,57.5,14.0,2,1,0,0,100.0,0
10,3.21,99.0,0.6,0,0,0,0,79.2,0
10,6.38,56.4,23.0,1,0,0,0,100.0,0
5,0.8,206.3,44.8,4,0,1,0,97.5,0
2,2.25,79.0,39.8,2,0,2,0,51.6,1
13,2.07,16.3,19.3,1,1,0,1,100.0,0
21,7.89,94.4,3.1,1,0,3,0,70.2,0
1,5.74,62.3,19.4,2,1,3,0,52.9,1
20,5.06,33.7,8.0,1,1,0,1,94.2,0
19,0.34,8.7,9.4,3,1,4,1,69.8,0
6,1.72,5.6,44.9,4,1,1,0,100.0,0
15,5.19,11.4,22.3,3,1,1,0,100.0,0
3,3.22,31.1,12.4,3,1,0,0,84.9,0
18,7.42,69.5,73.7,4,1,0,0,100.0,0
16,6.19,113.4,4.3,2,1,0,0,100.0,0
8,3.74,10.5,12.0,3,0,0,0,100.0,0
1,6.07,4.0,3.3,0,0,1,0,33.5,1
23,7.81,19.1,36.1,2,0,1,1,56.2,1
10,3.85,88.6,2.5,4,0,0,1,100.0,0
21,5.25,8.8,46.6,3,0,0,0,92.3,0
16,7.37,83.5,9.8,4,1,0,1,100.0,0
18,2.21,82.2,1.8,0,0,2,0,68.3,0
18,7.13,98.2,4.3,1,1,2,0,87.7,0
4,1.05,22.9,23.2,1,0,1,0,60.4,1
8,5.29,31.1,4.5,1,0,1,0,83.8,0
11,6.33,57.3,8.8,2,1,2,0,97.9,0
11,5.03,386.7,5.8,2,1,1,1,78.3,0
1,4.12,25.5,33.5,5,0,2,0,62.6,1
13,5.05,56.5,18.3,1,0,1,0,93.3,0
3,1.47,164.9,34.4,1,1,0,1,82.3,0
17,1.96,41.7,1.9,2,0,1,0,100.0,0
16,2.38,38.3,7.8,1,0,0,1,97.8,0
22,4.9,24.5,1.7,3,0,1,0,62.8,1
17,3.7,54.7,10.9,2,1,0,0,100.0,0
8,2.18,15.8,6.9,2,0,0,0,100.0,0
23,7.1,37.8,0.2,4,0,2,0,56.4,1
9,3.18,27.4,4.7,2,0,1,0,100.0,0
7,3.73,91.7,5.3,1,1,0,1,100.0,0
21,3.45,43.1,18.5,5,0,1,0,79.8,0
8,1.7,19.0,0.6,1,1,0,1,100.0,0
1,5.93,56.1,87.9,2,0,2,0,35.5,1
11,3.75,37.7,22.2,2,0,3,0,60.5,1
19,0.43,23.2,26.3,1,0,0,0,87.2,0
4,7.72,6.5,5.7,3,1,2,0,52.9,1
11,6.58,62.0,11.6,0,1,2,1,74.5,0
3,5.87,131.9,56.3,3,0,0,1,64.8,1
16,6.99,10.0,15.8,1,0,1,0,86.9,0
11,7.28,26.8,72.4,5,0,1,0,100.0,0
7,2.9,55.4,2.5,5,1,0,0,100.0,0
5,5.0,9.0,187.7,2,0,1,0,68.3,0
13,4.99,6.0,12.7,2,1,1,0,100.0,0
16,2.36,2.1,1.9,1,0,1,0,100.0,0
22,2.01,0.9,51.2,3,0,0,0,74.8,0
10,1.18,4.2,5.0,4,1,0,0,100.0,0
3,5.38,19.1,13.6,2,1,0,0,78.1,0
19,6.31,79.7,2.2,2,0,1,0,71.1,0
15,6.16,81.0,11.6,2,0,0,1,82.1,0
16,2.74,39.7,2.1,2,1,3,1,87.8,0
2,1.88,95.8,7.4,5,0,1,0,75.6,0
7,3.79,42.1,9.3,1,0,1,1,81.9,0
18,4.51,4.6,34.6,2,1,1,1,98.3,0
19,7.38,30.6,7.7,0,1,0,0,100.0,0
10,7.04,43.9,7.4,0,1,1,1,95.7,0
19,7.35,34.6,13.9,3,0,0,0,90.9,0
20,6.85,57.2,2.6,5,1,3,0,71.8,0
9,7.73,18.3,11.7,4,0,0,1,93.6,0
21,3.88,75.9,11.4,5,0,1,1,95.2,0
6,0.67,72.2,22.2,2,0,0,0,100.0,0
5,0.94,13.0,2.3,0,0,2,1,69.7,0
16,3.31,124.1,5.4,3,1,0,1,100.0,0
15,2.28,28.6,34.2,4,0,1,0,97.4,0
3,1.61,103.7,10.7,1,1,0,0,75.1,0
19,7.64,43.5,11.5,0,1,0,1,82.4,0
4,1.8,4.6,10.6,0,0,0,0,66.9,1
19,7.69,10.0,3.6,3,1,0,0,89.6,0
0,6.16,170.0,34.9,5,0,1,0,74.2,0
19,5.24,36.3,38.0,4,0,1,0,86.0,0
18,5.51,80.5,12.0,3,0,0,1,89.3,0
18,2.85,44.6,12.1,2,0,0,0,100.0,0
15,5.28,23.2,22.2,3,0,1,0,95.3,0
11,1.74,137.6,54.9,1,1,0,0,93.6,0
16,7.52,27.2,127.6,1,0,1,0,71.5,0
6,2.62,61.8,3.4,2,1,2,0,86.9,0
18,2.26,9.1,7.3,1,1,0,0,100.0,0
13,5.78,15.6,8.7,4,1,0,1,100.0,0
11,5.35,203.5,20.3,3,1,2,0,92.3,0
12,3.78,108.6,27.8,1,1,0,0,100.0,0
13,5.17,200.4,14.3,1,0,0,0,86.2,0
0,1.53,165.4,2.1,1,0,1,1,40.5,1
3,5.48,77.3,7.7,0,0,0,0,78.7,0
5,2.38,95.4,31.8,2,0,0,0,100.0,0
2,2.4,139.9,26.6,3,0,2,1,65.5,1
10,1.55,23.1,1.3,5,0,2,0,100.0,0
16,2.86,14.3,20.9,5,0,0,0,100.0,0
15,2.85,3.8,21.7,1,1,0,0,94.8,0
11,3.8,54.0,50.5,3,1,0,0,100.0,0
20,1.77,13.2,83.9,1,1,0,0,69.6,0
13,1.79,42.8,0.1,3,1,3,0,87.2,0
1,4.47,29.1,25.3,4,0,4,0,39.1,1
18,1.29,63.9,20.1,1,0,2,0,74.6,0
13,5.6,4.7,0.2,3,0,1,0,100.0,0
15,7.57,65.6,5.5,4,1,0,1,100.0,0
13,3.59,3.1,17.2,2,0,1,0,100.0,0
13,7.24,23.2,38.6,4,1,1,0,99.9,0
2,1.06,72.5,65.0,2,1,0,0,83.4,0
13,0.63,13.3,6.6,4,0,2,1,96.0,0
19,5.85,113.2,12.8,2,1,0,0,98.3,0
7,6.16,175.9,24.8,6,0,0,0,91.5,0
14,6.79,20.7,13.5,3,1,0,0,100.0,0
0,0.74,65.7,24.8,1,0,1,0,66.2,1
8,6.28,4.0,31.1,2,0,1,0,85.3,0
10,3.2,144.4,38.7,4,0,1,0,95.6,0
23,2.64,15.0,24.8,0,0,1,0,39.4,1
5,1.63,175.5,23.1,2,0,0,1,92.2,0
6,7.97,40.9,8.1,2,0,0,0,96.1,0
9,0.79,12.6,5.7,3,0,2,0,85.1,0
23,6.67,16.1,47.3,1,0,1,0,45.2,1
20,5.22,161.7,22.0,3,1,0,0,87.2,0
0,5.96,40.6,22.3,2,0,1,0,48.9,1
5,5.78,108.1,2.0,1,1,2,1,85.4,0
19,6.91,56.2,25.6,1,1,0,0,99.3,0
1,1.72,90.3,0.0,3,0,2,1,53.8,1
20,0.31,15.5,7.7,1,0,1,0,98.3,0
6,4.91,41.8,8.8,5,0,1,0,100.0,0
22,3.02,49.8,29.3,2,0,1,0,61.4,1
7,1.25,36.4,7.9,1,0,0,0,89.6,0
10,1.73,38.3,19.3,2,0,1,1,93.0,0
15,2.85,155.7,20.9,3,0,1,0,76.7,0
3,0.84,137.9,80.6,0,1,1,0,50.4,1
13,0.74,55.0,46.2,2,0,2,0,98.6,0
12,7.35,5.6,23.3,1,1,0,0,94.4,0
18,2.7,13.6,5.0,1,0,0,1,88.3,0
23,7.86,56.4,21.0,1,1,0,0,84.0,0
15,7.73,6.5,14.0,3,1,0,0,100.0,0
9,1.4,15.2,1.4,0,0,0,0,85.5,0
9,5.8,37.3,28.2,0,1,0,1,100.0,0
10,4.93,37.5,7.5,1,1,0,0,100.0,0
19,5.62,38.2,15.7,3,1,0,0,90.7,0
7,1.04,3.3,25.7,1,0,0,0,100.0,0
4,1.75,10.3,41.7,1,1,2,1,40.5,1
8,0.89,114.4,20.1,0,0,1,0,76.0,0
0,4.95,30.5,55.2,0,0,1,1,35.5,1
2,7.9,224.3,0.8,1,0,1,1,31.2,1
2,5.47,8.4,6.7,0,0,1,1,54.7,1
18,5.77,71.2,34.3,3,0,0,0,100.0,0
17,7.88,25.6,18.4,2,1,1,0,81.7,0
16,5.52,27.0,10.1,1,0,0,0,99.4,0
11,0.61,139.2,9.2,0,0,0,0,83.8,0
17,6.98,277.8,28.4,5,1,0,0,100.0,0
3,3.11,136.3,5.1,3,1,0,1,83.0,0
21,0.33,180.3,47.4,2,0,1,0,83.1,0
12,4.21,71.6,10.2,2,1,2,1,84.0,0
22,7.52,143.2,1.7,0,1,0,1,48.1,1
3,2.28,5.4,23.8,0,1,5,0,37.4,1
11,4.08,45.8,2.2,3,1,0,1,100.0,0
16,1.64,42.7,31.2,2,0,0,1,100.0,0
11,0.74,17.8,10.0,4,1,1,0,100.0,0
10,0.92,19.8,30.7,3,1,1,1,100.0,0
3,5.9,47.3,19.8,3,1,2,1,65.0,1
9,6.95,2.5,8.5,1,0,0,0,92.0,0
5,1.4,57.5,17.8,1,0,0,0,100.0,0
7,2.52,4.8,26.5,1,0,0,0,100.0,0
16,1.8,14.7,3.4,4,0,1,0,97.7,0
15,0.51,47.8,19.1,2,0,2,0,72.2,0
14,4.56,16.2,4.9,5,1,0,1,100.0,0
8,5.69,258.7,2.7,1,1,0,1,95.6,0
23,5.29,48.6,35.2,4,0,1,0,57.6,1
2,3.29,56.4,7.2,1,0,1,1,46.2,1
8,4.57,1.5,52.7,1,1,0,1,96.1,0
2,1.02,164.7,26.4,6,0,1,1,63.5,1
8,1.49,38.5,3.0,1,0,1,0,80.5,0
23,7.47,14.3,11.5,2,0,2,0,52.7,1
8,6.16,22.3,22.5,2,0,1,0,99.8,0
21,7.41,107.9,38.0,2,0,0,1,73.0,0
11,7.36,198.1,34.4,5,1,1,0,100.0,0
16,5.3,45.9,18.9,2,1,1,1,79.7,0
10,7.45,14.7,52.8,1,0,0,0,95.9,0
6,3.51,9.3,9.1,2,0,2,0,76.0,0
18,0.33,0.5,8.0,2,0,0,0,100.0,0
23,0.78,31.2,10.3,4,1,0,1,99.2,0
6,1.14,176.5,42.2,2,1,1,0,92.4,0
18,1.03,75.9,40.6,5,0,0,1,100.0,0
6,3.01,15.4,1.7,1,1,0,0,88.7,0
17,5.7,55.1,39.6,1,0,0,0,99.4,0
18,6.39,32.4,4.7,0,1,1,0,100.0,0
10,4.84,40.8,8.7,4,0,0,0,100.0,0
17,1.43,64.8,0.6,1,1,0,0,100.0,0
6,6.06,11.3,5.3,1,0,2,1,69.0,0
1,3.03,87.2,5.1,2,1,0,0,86.4,0
2,0.4,213.9,14.1,4,0,1,0,58.8,1
10,2.46,1.5,9.9,3,1,2,0,98.5,0
21,2.85,71.4,1.3,4,0,0,0,100.0,0
3,2.41,60.3,42.8,2,0,1,0,57.9,1
10,6.55,5.7,36.5,0,1,3,1,78.0,0
16,6.15,51.7,44.5,1,1,2,0,75.8,0
4,5.66,23.1,9.9,1,0,0,0,78.5,0
17,1.37,106.0,30.4,1,0,1,0,80.6,0
7,6.52,90.8,3.3,2,1,2,0,95.4,0
19,5.51,226.2,24.8,7,1,1,0,88.9,0
13,1.8,50.5,4.8,0,0,0,0,91.9,0
13,5.29,3.1,34.9,0,0,0,0,90.0,0
4,4.02,2.9,44.7,2,0,0,0,47.4,1
11,3.68,5.6,4.2,4,0,0,0,100.0,0
20,1.16,28.1,19.3,1,1,1,0,99.9,0
0,4.29,116.0,22.9,2,1,1,1,41.4,1
18,1.07,31.7,6.0,2,1,0,0,100.0,0
11,1.56,3.6,13.5,0,0,0,1,93.1,0
17,1.32,119.6,43.7,0,1,0,0,80.5,0
15,7.65,128.5,23.5,0,0,2,0,79.3,0
10,2.49,5.2,14.7,2,1,0,0,100.0,0
7,3.04,47.5,22.9,0,1,0,0,100.0,0
15,2.78,27.2,64.5,3,0,1,1,91.8,0
3,7.22,58.4,1.3,1,0,0,1,70.0,0
14,4.63,164.4,3.5,3,0,2,0,81.3,0
2,7.38,19.0,36.7,3,1,1,0,67.6,0
15,2.61,147.5,23.0,1,0,0,0,93.9,0
15,1.18,51.9,1.5,3,0,1,0,100.0,0
2,4.58,54.6,2.2,1,0,0,0,55.8,1
18,2.96,50.6,31.0,1,1,0,0,100.0,0
9,6.47,56.1,14.3,0,0,1,1,53.7,1
18,7.07,18.2,27.9,1,0,1,0,88.7,0
0,3.94,29.1,46.3,2,0,2,1,49.5,1
4,7.78,122.1,9.8,5,1,1,0,72.4,0
11,4.56,21.5,10.2,2,0,2,1,91.4,0
4,2.39,177.6,5.1,1,0,3,0,22.1,1
7,4.07,27.1,30.3,2,0,1,0,99.4,0
15,0.59,49.2,0.4,2,1,0,0,100.0,0
3,6.49,83.0,61.9,0,0,1,0,33.6,1
16,1.08,173.7,1.7,4,0,1,0,96.7,0
2,2.68,5.6,34.3,5,1,1,1,76.0,0
4,4.65,115.6,1.1,0,0,0,0,67.9,0
14,0.63,63.8,2.3,0,1,1,1,85.8,0
19,0.91,37.4,8.6,7,1,2,0,100.0,0
4,5.66,40.4,10.5,2,0,0,0,80.2,0
7,0.85,7.8,13.9,1,1,0,0,100.0,0
22,3.97,14.9,20.9,1,1,0,0,74.8,0
23,2.91,13.5,23.3,3,0,0,0,74.2,0
13,2.06,21.9,7.5,5,0,1,0,100.0,0
10,1.75,68.3,8.6,2,0,0,0,100.0,0
8,6.18,71.9,2.7,0,1,1,0,100.0,0
14,7.63,90.7,19.4,1,0,2,0,75.8,0
14,1.38,113.6,3.9,2,1,0,0,100.0,0
7,7.69,35.0,17.0,3,1,0,0,100.0,0
0,4.88,203.2,69.0,1,1,0,0,61.9,1
3,5.24,0.4,3.9,1,0,2,0,23.7,1
23,5.77,75.9,0.5,1,0,0,1,42.1,1
10,5.72,59.9,47.8,2,1,0,0,100.0,0
11,6.61,7.2,7.0,7,0,2,0,100.0,0
11,4.02,133.3,11.3,3,0,1,1,77.0,0
18,4.41,110.6,13.2,3,1,1,1,89.6,0
1,2.79,165.6,58.9,0,0,0,0,37.8,1
1,1.11,11.1,36.6,6,0,1,1,73.2,0
6,5.42,13.1,0.4,2,0,0,1,99.4,0
11,0.56,37.0,31.5,2,0,0,1,100.0,0
16,2.42,7.5,24.2,1,0,0,0,97.5,0
11,1.03,36.0,12.3,1,1,1,1,100.0,0
10,1.77,73.6,38.6,1,0,1,0,93.7,0
22,5.22,21.2,22.4,5,1,0,0,78.7,0
3,5.14,73.2,12.8,1,1,0,0,71.2,0
13,3.54,18.1,6.0,4,0,1,1,91.1,0
13,0.99,21.9,10.9,3,1,1,0,100.0,0
11,3.64,187.5,38.3,2,0,1,1,76.0,0
19,3.02,0.3,96.7,3,0,1,0,89.1,0
6,5.85,85.2,7.1,0,1,2,1,86.9,0
22,4.76,45.4,13.0,2,0,1,1,49.3,1
7,4.09,40.2,45.7,1,1,1,1,76.4,0
13,4.05,17.1,41.3,1,0,1,0,81.8,0
12,7.74,59.7,24.9,3,1,2,1,88.4,0
20,6.12,24.8,3.9,2,1,0,1,78.8,0
10,4.13,22.0,20.9,3,0,1,1,94.4,0
6,3.99,22.2,1.4,2,0,1,0,100.0,0
0,0.5,19.2,38.1,3,1,1,0,74.4,0
8,7.56,3.0,8.2,2,1,3,0,78.8,0
19,2.76,244.8,11.9,3,0,1,0,86.3,0
0,2.27,22.1,48.0,3,1,1,0,70.2,0
21,8.0,45.6,55.0,4,0,0,1,100.0,0
13,5.83,55.8,10.5,5,1,1,0,100.0,0
3,0.66,5.6,7.5,2,1,2,0,65.8,1
7,0.78,195.7,3.1,0,1,1,0,92.3,0
13,0.5,28.7,22.7,0,1,0,0,100.0,0
7,4.92,11.7,11.9,2,0,1,0,90.7,0
2,0.85,12.5,4.1,7,0,2,0,58.3,1
15,7.49,29.2,9.4,4,1,0,0,100.0,0
16,7.51,38.1,32.5,1,1,2,0,70.7,0
2,4.5,26.0,9.6,0,1,2,1,47.5,1
6,5.05,7.1,27.7,1,0,0,0,73.0,0
5,2.55,2.7,12.1,4,0,2,1,97.7,0
15,0.79,86.4,16.7,2,1,1,0,100.0,0
17,5.98,99.9,33.3,2,0,2,1,72.9,0
17,1.08,8.1,19.5,0,0,2,0,71.3,0
22,0.96,59.6,2.6,1,0,0,0,60.5,1
18,2.7,80.5,7.3,1,0,1,0,100.0,0
7,0.4,121.3,27.9,1,1,0,0,100.0,0
2,3.64,132.6,4.5,5,1,0,0,79.0,0
14,5.75,38.5,11.5,2,0,0,0,100.0,0
21,6.47,34.8,1.3,1,1,1,0,82.9,0
23,4.95,83.1,22.0,0,1,1,0,52.7,1
5,6.82,52.0,29.8,2,0,1,0,82.1,0
5,3.43,13.4,13.5,3,0,0,0,98.5,0
0,6.84,0.6,9.7,3,0,1,0,48.7,1
3,4.2,139.3,2.8,3,0,1,0,52.5,1
13,2.02,22.6,49.3,1,1,0,1,100.0,0
13,7.57,19.7,14.4,3,0,2,0,78.7,0
8,2.42,145.5,26.5,5,0,1,0,90.3,0
7,0.5,38.6,34.1,3,1,1,1,100.0,0
19,2.17,9.5,14.4,0,1,1,0,71.2,0
11,3.12,101.9,12.0,3,0,0,1,98.0,0
19,3.01,5.3,10.9,5,1,0,0,100.0,0
23,4.34,225.2,25.3,2,0,2,0,47.3,1
7,7.1,46.7,6.5,2,1,1,0,80.3,0
4,2.55,86.2,21.1,1,0,1,0,62.1,1
22,4.31,69.6,7.9,2,0,1,0,56.4,1
15,2.92,42.2,56.4,4,0,0,0,100.0,0
6,6.63,36.9,14.9,3,1,0,0,100.0,0
14,1.51,51.0,45.5,0,1,0,0,94.4,0
12,1.1,18.3,20.0,3,0,1,1,91.8,0
21,4.17,65.9,0.6,4,1,0,0,100.0,0
6,5.47,11.9,37.0,1,0,0,1,96.5,0
23,6.43,13.8,1.5,2,0,0,1,57.5,1
22,4.84,64.2,59.4,5,0,2,0,57.0,1
4,6.26,120.8,11.1,0,1,0,0,58.4,1
3,3.32,106.3,88.8,3,1,0,0,59.4,1
12,0.55,8.7,23.3,4,0,1,0,100.0,0
1,1.19,24.0,9.4,1,0,0,0,57.8,1
7,0.6,199.5,46.1,1,1,0,0,80.1,0
10,2.83,83.7,7.3,3,0,2,0,71.2,0
23,4.12,123.4,10.6,1,0,0,0,52.3,1
23,3.04,48.4,0.0,4,0,2,0,47.4,1
3,4.62,150.5,2.5,1,0,0,1,62.9,1
21,4.0,10.4,24.0,3,0,0,1,85.6,0
2,5.52,28.3,1.4,3,1,1,1,69.5,0
17,5.44,111.7,26.7,1,1,0,0,100.0,0
20,2.75,24.5,17.9,1,0,1,0,66.3,1
21,2.97,39.8,1.0,2,0,0,0,90.5,0
5,4.81,25.2,54.2,0,0,0,0,100.0,0
21,4.89,18.6,0.8,5,0,0,0,95.4,0
2,2.72,113.8,9.2,2,1,0,0,75.7,0
12,2.84,34.5,30.3,2,0,0,1,91.4,0
11,5.64,53.0,2.5,2,1,3,0,85.6,0
7,5.29,67.8,14.6,4,0,0,0,100.0,0
0,1.34,20.7,23.0,1,0,1,1,62.4,1
18,3.7,21.6,2.9,2,0,4,0,80.7,0
8,7.17,106.8,8.6,1,0,0,0,100.0,0
15,0.58,66.3,1.3,1,1,2,1,94.6,0
9,6.88,50.2,2.0,2,0,0,1,88.3,0
8,1.56,2.6,0.3,1,1,1,0,100.0,0
21,4.21,57.1,20.8,2,0,0,0,77.0,0
2,3.57,19.6,9.6,2,1,1,0,80.6,0
17,0.38,125.4,0.0,4,0,0,0,100.0,0
17,7.35,13.9,26.2,5,1,1,0,100.0,0
9,3.8,108.9,12.3,1,1,1,0,97.8,0
6,7.65,92.0,19.3,3,0,1,0,84.1,0
0,2.51,111.4,2.9,2,0,1,1,55.3,1
22,6.97,163.9,1.8,3,1,1,1,62.7,1
22,7.4,43.7,14.1,3,0,0,0,88.5,0
5,4.59,105.2,12.9,4,0,1,1,89.6,0
0,1.86,127.4,38.0,2,0,0,0,46.6,1
2,5.58,100.3,21.8,2,0,0,0,65.9,1
1,4.53,23.1,6.7,2,1,1,1,59.1,1
19,7.57,29.4,20.8,3,1,1,0,95.5,0
21,3.68,159.0,1.0,1,1,0,1,77.3,0
3,2.37,58.5,27.7,3,0,1,1,53.8,1
17,1.36,125.5,23.2,4,1,0,0,100.0,0
4,5.68,13.0,5.7,3,1,0,1,81.1,0
8,7.8,39.6,10.7,2,1,1,0,92.7,0
14,0.52,59.1,3.7,1,0,0,0,100.0,0
17,6.0,103.8,52.4,4,1,0,1,100.0,0
20,7.44,42.0,4.4,0,0,0,1,86.7,0
1,0.88,50.1,11.8,3,1,0,1,75.7,0
4,1.15,54.8,19.9,3,0,0,0,79.6,0
6,5.63,36.7,0.2,2,0,0,0,99.4,0
7,5.29,53.3,14.6,2,1,0,0,100.0,0
23,0.83,25.2,21.8,3,0,0,0,85.0,0
18,6.73,60.7,92.4,3,0,0,0,100.0,0
7,4.33,73.6,1.9,2,1,1,0,86.1,0
23,7.29,72.0,4.9,3,0,0,0,70.4,0
11,7.06,4.5,5.9,0,0,2,0,64.2,1
12,6.56,1.4,44.6,2,0,0,0,73.8,0
10,4.27,82.9,16.7,5,0,2,0,90.0,0
3,2.24,39.3,3.7,1,0,0,1,70.2,0
22,4.2,21.6,23.7,3,1,0,0,79.0,0
0,1.08,226.6,0.9,2,0,0,0,65.3,1
4,5.37,10.7,5.9,5,1,0,0,88.0,0
5,1.33,37.2,18.5,3,0,0,0,100.0,0
6,4.24,17.2,30.8,3,1,2,1,85.2,0
3,0.72,96.8,31.3,0,0,0,0,76.7,0
0,2.61,129.1,26.5,1,0,1,0,39.8,1
16,2.09,25.9,26.1,3,1,2,1,92.8,0
23,5.07,30.4,30.9,2,0,0,0,69.3,0
2,6.36,13.5,2.8,0,0,1,0,42.0,1
7,0.74,46.0,35.4,1,1,0,0,100.0,0
12,6.85,46.2,15.3,2,1,1,0,100.0,0
22,6.93,25.4,17.7,3,1,0,0,68.0,0
16,2.94,99.1,14.6,1,1,1,0,95.7,0
18,5.37,57.5,5.2,2,0,0,0,84.7,0
13,3.4,60.4,13.0,3,1,1,1,100.0,0
10,1.49,20.1,6.4,2,0,3,1,72.3,0
4,4.37,130.3,1.7,2,1,1,0,60.9,1
20,0.96,214.0,12.8,4,1,0,0,97.6,0
19,7.06,45.3,17.6,5,0,0,0,89.1,0
0,7.42,64.0,0.1,3,1,1,0,64.3,1
17,6.63,13.4,16.3,3,0,2,1,81.0,0
2,4.63,95.9,3.9,2,1,1,1,79.8,0
17,4.59,53.2,7.0,1,0,0,1,85.0,0
19,7.88,29.4,17.4,2,0,1,0,95.7,0
3,2.21,55.2,13.8,4,0,0,0,87.1,0
10,0.88,56.1,13.6,0,0,1,0,92.9,0
2,4.63,4.9,50.5,3,1,1,1,57.9,1
13,2.83,158.0,35.7,6,0,0,0,100.0,0
22,2.78,48.8,21.0,2,0,1,1,38.1,1
1,0.35,42.1,34.9,2,0,0,0,81.5,0
9,4.89,15.9,2.3,1,1,1,1,100.0,0
23,2.33,49.4,36.1,5,1,0,1,100.0,0
7,1.75,11.7,11.9,3,1,0,1,100.0,0
3,0.61,32.7,17.8,6,1,1,1,86.2,0
11,3.11,59.2,14.8,1,1,0,0,93.5,0
12,7.07,120.5,22.5,2,1,0,0,93.9,0
15,2.89,1.4,12.4,3,1,1,0,100.0,0
7,5.53,23.1,15.7,0,1,0,0,100.0,0
22,6.13,12.3,13.5,1,1,2,0,46.2,1
12,2.83,181.9,72.7,0,0,3,0,44.8,1
6,6.63,18.2,5.0,3,0,1,0,99.7,0
23,5.63,23.9,10.3,3,1,1,1,72.4,0
22,4.61,48.7,16.9,1,1,2,0,57.0,1
11,0.31,11.4,14.8,1,1,0,1,100.0,0
0,0.57,37.6,4.0,1,0,1,0,47.6,1
14,7.93,260.6,21.3,2,0,1,0,84.1,0
13,6.32,8.7,9.8,3,1,2,1,94.9,0
3,7.52,2.5,0.8,2,1,0,1,59.7,1
15,7.25,5.2,19.0,2,1,1,0,100.0,0
20,0.46,53.2,29.5,0,1,1,0,70.5,0
2,6.4,128.1,2.6,2,1,1,0,77.7,0
17,3.77,36.5,1.3,2,0,1,0,87.9,0
3,6.38,46.9,13.8,3,1,0,0,81.3,0
17,0.35,24.1,0.5,0,1,0,0,100.0,0
10,2.52,35.9,23.8,3,0,0,0,100.0,0
0,6.09,121.5,26.7,4,0,1,0,57.3,1
23,6.41,52.6,17.4,1,1,1,0,68.4,0
3,5.07,178.5,16.8,1,0,1,0,42.9,1
14,2.62,85.7,0.3,0,1,2,0,92.1,0
4,2.69,82.1,47.6,0,1,5,0,50.1,1
22,7.74,78.6,3.6,2,1,1,0,54.8,1
17,3.68,81.5,17.3,2,1,0,0,100.0,0
19,3.74,105.8,87.9,7,1,0,0,100.0,0
10,4.55,19.8,9.9,2,0,0,0,95.0,0
11,3.45,26.7,8.3,2,0,0,0,100.0,0
15,4.56,85.4,26.1,1,1,1,1,94.8,0
18,3.63,148.9,5.7,2,1,1,0,100.0,0
20,6.67,31.9,9.5,1,1,1,1,65.9,1
0,7.3,20.5,6.5,1,1,0,1,64.8,1
15,7.48,7.3,34.5,2,0,0,0,84.3,0
2,4.65,5.0,20.6,3,1,3,1,46.2,1
6,3.7,52.3,11.6,0,0,1,1,78.4,0
19,5.73,16.4,154.3,0,0,0,0,72.4,0
6,6.76,143.1,18.0,6,0,1,0,94.4,0
19,4.63,9.6,3.7,1,1,5,0,54.6,1
11,5.69,36.4,26.1,2,1,1,1,94.8,0
5,6.07,80.4,54.2,1,1,1,1,69.6,0
8,5.51,24.3,22.9,2,0,1,1,77.3,0
12,6.05,30.0,19.8,4,0,1,1,100.0,0
18,1.91,237.9,8.7,1,0,0,0,95.8,0
14,4.14,7.2,6.3,0,1,1,0,89.2,0
22,4.83,52.4,36.1,5,1,0,0,98.8,0
20,0.32,25.4,6.0,0,0,1,0,76.1,0
18,6.89,11.2,0.0,2,1,2,0,99.9,0
14,5.0,165.7,7.3,1,0,0,1,87.4,0
6,1.29,59.8,2.5,2,0,0,1,100.0,0
9,6.59,16.3,22.2,4,1,1,0,97.1,0
2,5.82,40.7,6.5,1,0,1,1,53.4,1
8,6.14,84.9,15.0,4,1,2,0,90.0,0
22,3.32,31.5,1.8,1,0,1,0,69.0,0
10,6.88,30.4,60.4,1,0,1,0,83.5,0
2,3.49,46.3,25.6,2,1,0,0,87.3,0
15,4.69,18.7,22.1,1,0,0,0,85.0,0
23,0.3,1.2,35.8,2,1,0,0,87.6,0
20,5.27,145.2,0.3,3,1,1,0,87.6,0
6,5.83,3.1,78.4,4,1,1,1,97.2,0
10,4.67,55.0,6.7,3,1,1,0,100.0,0
12,4.12,7.1,45.0,1,1,0,0,100.0,0
5,6.54,7.0,13.2,5,0,1,0,100.0,0
6,5.55,41.2,9.5,2,0,0,0,100.0,0
5,2.44,14.3,22.9,0,0,0,0,82.5,0
23,7.68,110.0,49.0,4,1,0,0,76.7,0
17,5.75,15.9,25.3,4,0,0,0,100.0,0
20,7.91,124.6,6.4,2,0,1,0,73.9,0
19,7.78,108.1,4.5,1,0,0,0,72.1,0
23,7.38,177.4,9.2,0,0,2,0,39.5,1
2,6.12,56.3,23.0,4,0,1,0,79.0,0
21,4.99,144.1,13.8,2,0,0,0,82.2,0
1,1.63,12.4,23.4,1,0,2,1,37.8,1
11,4.48,108.0,41.6,4,1,0,1,100.0,0
14,6.19,19.6,2.1,1,1,1,1,90.0,0
8,4.31,121.4,13.9,2,0,0,0,88.2,0
3,6.99,72.3,22.3,1,0,1,0,34.0,1
4,1.14,48.1,6.9,0,0,1,0,77.4,0
19,3.23,61.3,83.1,0,0,3,0,57.7,1
7,4.2,57.7,22.3,0,0,0,0,89.3,0
7,3.63,16.2,6.3,2,0,1,0,91.0,0
22,1.14,58.4,4.0,1,1,1,0,80.9,0
3,1.48,178.9,69.0,2,0,1,0,57.4,1
21,6.75,53.8,24.4,1,1,1,1,60.3,1
22,4.03,8.1,9.7,2,1,2,0,63.2,1
14,0.68,113.1,9.2,3,0,1,1,92.0,0
3,0.43,17.6,0.9,2,0,0,1,53.6,1
3,3.95,76.3,32.7,5,0,0,0,74.6,0
6,1.57,4.2,12.9,1,0,1,0,84.8,0
13,5.73,22.8,29.2,1,1,0,0,98.6,0
3,6.42,1.4,9.5,3,0,1,0,63.5,1
10,2.06,49.5,12.2,1,0,0,0,100.0,0
2,4.86,41.8,8.8,3,0,0,0,59.1,1
12,1.49,44.1,0.7,2,1,0,0,100.0,0
0,2.64,97.6,2.3,3,0,1,0,70.8,0
17,7.14,28.3,4.8,2,1,1,0,89.7,0
1,4.49,19.3,14.4,1,1,1,0,89.3,0
4,7.12,2.7,35.0,2,0,0,0,48.8,1
4,2.03,47.0,8.6,1,0,2,1,45.6,1
19,2.84,89.1,2.2,1,1,0,0,92.8,0
1,3.93,140.4,10.2,4,1,0,0,80.1,0
10,4.0,6.1,0.1,2,0,2,0,73.0,0
14,7.98,8.0,6.1,4,0,0,1,100.0,0
12,1.18,16.8,3.8,3,1,1,1,100.0,0
16,6.86,131.1,39.3,1,0,0,1,93.0,0
19,6.95,28.3,23.2,3,0,2,0,75.4,0
9,4.56,60.3,0.1,2,1,0,0,100.0,0
19,2.95,16.4,5.8,0,0,0,0,79.3,0
7,4.3,64.7,4.2,1,1,1,0,81.7,0
23,2.55,0.6,3.5,2,0,1,1,66.0,1
12,6.45,46.1,4.6,1,1,1,1,100.0,0
17,4.14,7.7,4.1,4,0,0,0,100.0,0
21,7.43,167.2,39.7,4,0,0,0,84.8,0
19,5.09,15.1,7.5,2,1,1,0,98.4,0
20,4.26,6.1,10.8,3,0,0,0,96.4,0
12,5.78,113.2,0.6,2,1,1,1,88.2,0
1,4.18,6.3,25.0,1,1,3,1,54.5,1
11,7.26,23.4,25.0,1,0,1,0,94.2,0
4,1.72,167.6,5.1,2,0,1,0,62.4,1
21,7.79,36.7,39.0,3,0,0,0,91.7,0
5,6.55,96.3,0.8,1,0,1,1,73.1,0
5,6.93,5.7,26.5,6,1,1,1,100.0,0
5,4.02,20.3,41.5,5,0,0,0,96.2,0
15,6.75,107.8,34.1,3,0,0,0,100.0,0
13,2.66,9.7,34.4,1,0,1,0,85.3,0
22,6.17,11.0,79.1,4,1,0,0,77.9,0
9,1.38,9.8,15.0,3,1,0,0,100.0,0
6,2.66,310.5,8.5,1,0,0,1,100.0,0
1,3.73,58.3,5.5,4,1,0,0,94.6,0
0,2.78,14.7,0.8,4,0,0,1,76.5,0
8,3.28,78.2,10.5,4,1,1,1,100.0,0
22,6.61,28.6,0.1,3,0,0,0,95.2,0
12,2.28,5.3,21.1,1,1,0,0,100.0,0
21,6.04,119.2,17.2,1,0,1,0,64.5,1
2,0.87,90.1,28.6,0,0,0,0,54.7,1
2,6.2,85.4,5.4,3,0,4,1,44.7,1
20,6.4,13.3,35.8,0,0,3,0,49.6,1
2,3.39,76.2,7.7,2,1,1,1,60.4,1
1,5.86,27.9,88.5,4,1,0,1,61.5,1
9,7.35,48.3,23.2,0,0,2,0,58.6,1
22,6.47,154.7,0.5,2,1,0,1,58.8,1
16,3.31,124.2,0.8,3,1,0,0,100.0,0
2,4.03,45.7,5.6,2,0,0,0,67.3,1
20,6.3,34.3,2.8,3,1,1,1,86.2,0
20,2.55,65.9,4.8,1,0,0,0,85.8,0
19,6.49,99.1,5.7,2,0,1,1,82.2,0
21,2.83,75.7,38.2,2,1,1,0,72.4,0
5,6.51,29.3,1.2,2,1,2,0,87.0,0
23,0.97,5.0,17.6,2,1,0,1,70.3,0
7,0.64,38.2,31.0,2,0,1,0,88.2,0
19,7.98,1.3,1.6,2,1,1,0,90.7,0
13,6.99,8.9,1.2,3,0,0,0,100.0,0
18,7.1,80.0,25.1,2,1,0,0,98.0,0
15,7.62,45.0,10.3,3,1,1,1,93.2,0
15,3.68,45.1,17.9,2,0,0,0,97.7,0
14,2.51,43.2,24.4,1,1,0,0,87.9,0
18,1.3,50.5,2.6,1,0,1,0,96.3,0
17,4.16,69.0,10.8,3,0,0,0,100.0,0
3,1.99,102.4,48.9,7,1,0,0,83.6,0
19,7.5,110.4,8.2,1,0,0,0,81.4,0
12,0.33,26.5,45.4,0,0,0,0,96.9,0
7,1.4,17.5,12.4,2,1,4,0,75.3,0
12,2.2,138.4,4.8,3,0,4,0,79.3,0
23,1.83,14.1,111.0,4,1,0,1,82.2,0
20,2.04,233.8,22.6,0,0,0,0,67.1,1
20,5.35,146.8,99.6,1,1,1,1,79.3,0
11,2.82,28.5,28.7,2,1,0,0,100.0,0
18,5.04,91.4,0.6,2,1,0,1,100.0,0
9,7.15,158.0,6.9,1,0,0,1,80.5,0
16,4.94,3.2,6.9,2,1,0,0,100.0,0
15,5.65,57.2,15.3,2,0,0,0,99.1,0
5,3.11,98.1,23.3,2,1,0,0,100.0,0
6,1.53,100.9,26.1,3,0,0,0,100.0,0
1,2.77,5.5,12.1,4,0,1,0,71.2,0
3,7.72,59.7,44.4,3,0,1,1,40.3,1
10,5.09,7.4,8.8,0,0,0,0,88.4,0
11,2.44,78.1,4.2,2,0,3,0,63.2,1
3,3.77,6.1,80.5,0,0,0,0,62.4,1
10,6.73,37.4,13.3,0,1,0,0,88.1,0
14,5.45,36.1,12.9,3,0,2,0,83.9,0
5,4.62,21.1,0.6,1,0,0,0,91.4,0
8,7.12,24.0,31.2,1,0,1,1,97.6,0
8,5.48,10.1,15.2,1,0,1,0,72.1,0
12,5.25,23.4,8.2,3,0,0,0,100.0,0
8,1.76,114.2,111.8,0,1,0,0,77.2,0
17,1.12,282.7,18.1,2,1,0,0,93.8,0
7,7.73,14.0,10.3,1,1,1,0,100.0,0
10,4.91,351.4,35.4,2,0,1,0,62.4,1
9,3.5,219.4,53.6,1,1,0,1,91.9,0
4,4.84,74.4,2.6,3,0,1,1,51.2,1
16,0.78,80.8,91.0,1,0,0,0,87.4,0
5,6.63,2.5,83.0,2,0,0,0,93.9,0
7,1.97,47.7,53.3,2,0,1,1,90.9,0
19,6.5,38.2,2.9,3,1,1,0,83.1,0
22,4.41,22.4,13.8,3,0,0,0,78.1,0
16,2.43,160.9,12.7,3,1,0,0,100.0,0
21,0.53,59.9,6.3,3,1,0,0,91.8,0
20,6.58,274.6,5.1,1,1,0,0,91.7,0
11,1.66,7.0,2.0,1,1,0,0,100.0,0
18,0.7,64.1,10.9,1,1,0,0,99.2,0
7,6.12,25.7,9.8,3,1,1,1,100.0,0
11,3.0,113.6,8.7,1,0,2,0,94.3,0
12,3.3,15.2,146.3,2,1,0,0,100.0,0
23,2.2,129.9,10.8,2,0,0,1,66.5,1
20,6.92,140.6,25.7,1,0,1,0,50.1,1
11,2.59,100.5,19.2,0,0,2,0,80.1,0
15,1.92,101.4,7.5,1,0,0,0,99.6,0
4,2.68,22.4,51.9,2,0,1,0,56.1,1
19,1.86,40.9,0.6,1,1,3,0,59.1,1
13,2.75,21.4,14.8,4,0,0,0,100.0,0
12,0.94,50.4,22.6,5,1,1,0,100.0,0
18,1.52,36.8,47.7,1,1,1,0,92.3,0
15,3.51,34.9,7.4,1,1,0,1,95.2,0
1,7.07,7.5,21.6,3,0,0,0,82.7,0
6,0.74,198.6,52.2,3,0,1,0,93.2,0
4,1.94,5.4,0.6,3,1,1,0,87.2,0
17,7.29,4.2,57.2,6,0,2,0,95.6,0
0,7.15,0.4,1.2,0,1,0,1,59.0,1
4,5.53,62.1,2.7,6,0,2,0,69.5,0
14,2.15,232.0,69.1,1,1,0,1,72.6,0
16,3.53,7.2,4.9,3,0,1,0,92.1,0
12,1.93,5.9,29.0,2,0,0,0,100.0,0
20,1.29,43.6,70.7,4,1,0,0,100.0,0
22,3.23,49.9,45.6,1,0,1,0,62.9,1
3,4.73,218.0,2.8,2,1,1,0,73.6,0
22,3.07,3.8,2.0,1,0,1,0,60.5,1
14,5.0,86.6,8.1,0,1,0,1,85.1,0
15,2.58,29.2,15.0,1,1,4,0,91.1,0
2,2.96,31.3,11.6,4,1,1,0,66.1,1
14,6.39,118.4,28.5,0,0,1,0,77.9,0
17,7.06,20.7,79.6,2,0,1,1,78.4,0
13,2.78,62.6,26.1,2,0,1,0,90.3,0
2,4.7,2.5,37.9,1,1,0,1,61.1,1
12,2.44,4.0,0.0,1,1,2,1,80.0,0
22,0.71,101.7,45.2,2,0,0,0,67.2,1
17,5.98,11.6,15.2,1,1,1,0,91.5,0
3,1.62,77.4,16.2,2,1,0,0,65.9,1
23,3.58,20.0,4.7,2,0,1,1,49.2,1
23,4.05,161.7,66.6,3,0,1,0,55.8,1
4,1.72,76.2,42.5,3,0,2,0,53.1,1
19,1.03,54.1,16.6,1,1,0,0,100.0,0
9,2.98,81.7,29.4,2,0,0,1,79.3,0
14,7.63,246.6,32.5,5,0,0,0,96.7,0
10,5.04,27.2,3.3,3,0,2,0,99.2,0
18,3.24,118.9,33.5,2,0,0,0,100.0,0
23,0.6,56.3,28.1,2,0,0,1,67.1,1
19,4.92,0.1,12.0,1,0,1,0,62.0,1
22,1.01,73.9,20.9,0,1,2,0,53.8,1
22,4.48,27.5,0.0,1,1,0,1,65.1,1
2,6.09,4.7,57.4,3,0,2,0,54.2,1
6,3.56,9.6,1.5,2,0,0,0,97.4,0
17,2.61,1.0,21.3,3,1,1,0,96.3,0
14,0.66,148.3,46.4,2,0,0,1,87.3,0
1,0.49,19.2,26.7,2,0,0,0,92.5,0
2,3.61,137.4,30.5,2,1,0,0,73.0,0
12,7.1,79.4,2.6,0,0,3,0,71.1,0
14,2.18,7.0,49.3,4,0,0,0,100.0,0
4,4.72,23.1,23.1,3,0,0,0,68.9,0
4,5.57,37.3,9.3,4,0,0,0,57.6,1
3,0.77,34.2,29.0,4,1,1,0,81.3,0
13,1.48,37.8,1.4,1,0,0,1,96.9,0
0,2.85,58.4,31.0,5,1,0,0,88.8,0
13,5.46,172.6,8.9,1,0,0,1,80.3,0
11,3.68,21.9,0.2,1,0,3,0,80.4,0
11,5.95,18.5,16.2,3,0,0,0,100.0,0
16,6.98,1.1,20.3,4,0,2,0,93.3,0
12,6.14,41.9,15.5,2,0,0,1,89.4,0
17,7.94,61.4,0.9,5,1,1,1,98.1,0
18,6.11,21.1,27.7,1,0,0,1,91.4,0
22,6.86,8.9,5.4,2,0,2,0,41.9,1
19,6.71,42.7,14.7,2,1,1,1,76.5,0
12,5.92,21.4,12.3,4,1,0,1,100.0,0
11,6.47,50.0,18.8,2,0,2,0,79.4,0
5,7.5,182.2,6.5,2,0,1,0,76.3,0
14,3.96,141.3,0.6,3,0,2,0,66.3,1
3,5.21,78.9,5.7,2,0,1,0,46.2,1
22,4.27,78.6,3.8,1,0,2,0,32.6,1
20,6.85,149.4,25.9,1,0,0,0,55.5,1
2,3.62,18.0,27.1,1,0,0,0,69.0,0
18,6.61,76.3,5.8,3,1,1,1,92.2,0
2,6.46,99.8,15.7,2,1,1,0,48.8,1
17,7.71,50.2,19.2,0,0,1,0,70.9,0
2,2.22,1.3,15.9,3,0,2,1,58.4,1
11,5.76,30.1,81.0,3,1,0,1,100.0,0
15,6.13,140.0,25.3,3,0,1,0,73.2,0
17,7.51,113.6,71.4,5,0,1,1,85.8,0
10,7.28,70.5,13.5,3,1,0,0,100.0,0
22,4.72,5.9,0.9,2,0,1,1,55.9,1
18,4.76,46.0,10.0,2,0,2,1,65.0,1
4,1.59,44.6,14.6,2,1,1,0,61.3,1
16,7.81,2.8,57.8,1,0,0,0,92.7,0
17,2.26,24.7,22.1,0,1,0,0,96.3,0
8,5.88,50.7,14.0,0,0,0,0,88.1,0
17,6.43,61.7,31.4,0,1,0,1,86.4,0
21,3.7,83.7,6.9,1,0,0,1,66.4,1
19,1.93,15.2,8.9,1,1,0,0,85.2,0
18,1.75,64.4,4.0,1,0,1,1,100.0,0
15,6.9,27.7,7.8,3,1,3,0,80.6,0
6,4.23,5.6,4.0,2,1,0,0,99.1,0
19,0.99,39.5,9.3,0,0,1,1,76.9,0
8,5.82,67.6,10.9,1,1,0,0,85.5,0
12,2.23,29.3,28.8,1,1,0,0,100.0,0
7,7.05,74.8,69.5,3,1,1,1,84.6,0
7,2.68,59.4,11.4,1,0,0,0,88.8,0
3,1.84,19.2,47.4,1,1,0,0,85.2,0
23,0.95,4.1,54.5,2,0,1,0,50.2,1
3,4.24,60.1,2.4,2,0,2,0,43.9,1
2,3.77,55.3,45.5,0,1,0,0,69.5,0
22,6.09,12.4,0.9,2,1,0,0,61.5,1
13,3.88,8.3,7.9,0,1,0,0,100.0,0
10,2.95,21.0,13.8,2,0,0,1,100.0,0
17,2.31,57.7,0.2,2,1,2,0,81.8,0
9,2.44,12.6,22.0,3,0,0,1,94.6,0
3,7.44,86.9,7.2,0,0,1,0,49.8,1
17,1.57,92.4,14.7,4,1,0,0,100.0,0
4,7.91,15.0,15.5,0,1,1,1,55.6,1
13,2.82,6.5,4.0,1,0,0,0,96.5,0
22,0.98,10.5,10.7,1,0,0,1,67.6,0
22,2.21,218.2,5.9,2,1,0,1,69.0,0
8,0.75,12.7,74.0,2,0,0,0,98.7,0
18,6.38,10.2,8.0,4,0,1,0,100.0,0
14,4.25,7.1,9.9,2,1,0,0,100.0,0
11,2.89,3.6,20.5,2,0,0,0,100.0,0
3,5.4,4.9,14.0,2,0,0,0,65.3,1
9,5.16,206.8,28.5,0,0,2,0,64.4,1
15,7.54,0.9,7.9,2,0,1,0,97.6,0
23,7.7,41.2,54.6,2,0,0,0,56.1,1
0,5.54,7.0,36.0,5,0,1,0,55.3,1
17,6.6,50.4,31.2,0,1,0,0,95.8,0
20,6.4,9.1,25.0,2,0,2,0,60.9,1
22,4.08,116.4,9.9,3,1,2,0,49.6,1
10,5.72,152.5,2.2,6,0,1,0,97.0,0
2,0.9,82.5,1.1,1,0,2,0,38.4,1
6,6.14,55.8,14.1,3,0,1,0,100.0,0
20,7.71,72.2,14.0,1,0,3,0,56.2,1
21,0.95,45.5,14.7,1,1,0,0,100.0,0
15,6.74,26.2,35.1,3,0,1,1,74.2,0
2,7.48,6.2,26.5,3,1,1,0,61.7,1
2,2.04,78.1,5.6,0,1,1,0,70.7,0
11,4.34,63.2,25.7,1,1,2,0,93.8,0
14,7.44,15.8,20.4,5,1,1,0,100.0,0
0,7.69,41.9,10.9,5,0,0,0,71.3,0
16,1.28,0.8,10.9,3,0,1,0,97.6,0
13,2.99,37.9,11.3,1,0,1,1,88.6,0
0,5.68,25.6,0.1,3,1,0,1,83.9,0
2,2.01,3.2,25.4,6,1,3,0,63.5,1
10,2.8,0.4,42.0,3,1,0,1,87.8,0
17,0.48,20.7,5.9,3,0,0,0,100.0,0
19,1.48,118.8,39.7,2,1,4,0,52.7,1
10,4.63,173.6,11.6,2,0,0,0,96.1,0
7,5.33,241.1,113.3,2,1,0,0,82.7,0
23,5.3,77.8,13.1,1,0,2,0,34.9,1
11,6.29,71.3,80.8,1,0,1,1,74.0,0
7,3.5,14.1,36.9,3,1,1,1,95.3,0
10,2.41,3.2,3.2,2,0,1,0,83.8,0
0,0.42,114.4,12.1,1,0,0,0,62.2,1
7,1.89,258.9,20.5,4,1,2,1,91.2,0
12,2.71,34.2,59.1,2,1,0,1,98.4,0
22,1.67,30.7,7.9,3,0,0,0,58.3,1
17,0.46,27.2,11.9,1,0,0,0,100.0,0
18,1.51,13.5,24.8,2,0,0,0,100.0,0
13,5.43,48.2,1.2,3,1,0,0,99.6,0
2,5.15,129.0,44.0,4,0,2,0,52.8,1
9,7.5,24.6,14.3,5,0,1,0,88.5,0
23,6.45,1.4,1.6,2,0,1,0,62.0,1
1,4.67,78.7,4.9,2,1,0,0,78.0,0
21,1.36,78.5,55.2,2,0,0,0,74.2,0
16,4.64,144.1,6.0,1,0,1,1,72.5,0
6,0.77,194.1,19.6,1,0,1,0,93.8,0
18,3.62,111.9,5.4,4,1,1,1,98.3,0
20,3.3,26.5,19.8,4,1,0,0,100.0,0
1,3.59,20.1,11.0,1,1,0,0,68.9,0
2,2.45,18.5,15.2,2,0,0,1,64.4,1
15,5.58,10.9,36.4,2,0,1,0,89.3,0
23,6.78,32.2,53.6,2,0,1,0,55.7,1
0,6.22,108.1,7.8,2,1,0,0,85.5,0
15,5.13,45.3,0.9,3,0,1,0,99.5,0
3,4.45,11.0,34.1,1,0,0,0,54.0,1
15,0.54,0.9,63.9,3,1,0,1,100.0,0
14,5.87,14.3,17.9,2,1,1,0,100.0,0
2,4.5,79.3,8.8,1,0,0,0,49.6,1
16,2.38,35.8,27.1,1,0,1,0,84.0,0
21,2.82,16.1,21.6,1,1,0,0,87.4,0
20,7.5,6.9,2.9,3,0,0,0,97.6,0
0,5.11,3.1,9.3,2,1,3,0,32.5,1
5,3.96,138.1,22.0,0,0,0,1,79.3,0
5,5.08,16.8,28.8,2,0,2,0,65.7,1
10,3.49,7.9,34.4,2,1,0,1,100.0,0
3,3.92,86.2,9.7,3,1,0,0,94.2,0
20,2.54,31.4,30.7,0,0,2,1,65.3,1
18,3.69,110.9,30.0,3,0,1,0,81.0,0
19,5.58,8.6,1.5,1,1,1,0,92.7,0
4,0.61,127.2,0.2,2,0,1,0,44.4,1
0,6.42,5.6,11.3,4,0,1,0,69.3,0
21,2.48,8.2,22.6,0,0,1,1,64.0,1
6,5.56,0.1,8.2,2,0,0,0,97.2,0
15,5.25,66.4,11.8,2,1,1,0,100.0,0
21,5.33,12.9,13.4,3,1,0,0,100.0,0
0,4.98,236.8,0.9,3,1,0,1,77.0,0
0,7.69,6.3,21.6,3,1,0,0,59.0,1
0,4.21,48.9,13.2,3,1,1,0,64.9,1
3,5.94,140.6,4.3,1,0,1,0,61.2,1
1,5.73,10.3,9.6,1,0,1,0,63.8,1
19,2.12,19.7,121.9,1,1,2,0,62.4,1
14,2.48,94.5,56.1,1,0,3,0,64.4,1
23,3.56,151.6,58.3,0,0,1,0,56.8,1
19,2.44,40.2,18.9,1,0,3,1,29.7,1
23,3.12,31.2,9.7,3,0,1,1,84.0,0
5,3.31,69.7,8.2,0,1,3,0,78.4,0
6,4.95,45.5,0.2,3,0,1,0,93.8,0
20,1.99,12.3,36.5,1,1,1,0,89.9,0
5,6.49,117.3,2.0,1,0,1,0,73.4,0
1,3.67,3.9,12.2,1,1,0,1,65.5,1
16,5.74,13.4,47.4,1,0,2,0,72.1,0
19,0.93,65.0,13.2,2,1,1,1,86.5,0
23,3.92,40.2,0.3,5,1,0,0,83.5,0
22,0.52,42.1,42.5,1,1,0,1,71.7,0
2,5.5,8.3,2.3,3,0,0,0,83.2,0
18,2.95,122.1,21.2,2,1,2,0,79.8,0
20,7.61,17.1,4.4,3,1,1,0,72.9,0
16,2.8,69.2,10.9,2,1,2,1,87.9,0
19,4.64,1.2,7.5,2,1,1,0,86.5,0
20,2.28,41.3,12.7,0,1,0,1,86.6,0
10,5.07,47.8,3.4,2,0,0,0,100.0,0
0,3.9,189.4,8.8,3,1,1,0,69.6,0
10,3.15,112.9,15.4,2,0,1,1,77.9,0
4,1.87,254.5,9.4,0,0,0,0,49.2,1
2,1.16,17.9,3.7,1,1,1,1,48.8,1
2,1.22,106.9,42.1,3,0,1,0,51.7,1
16,7.99,24.7,51.7,4,1,1,0,100.0,0
12,3.47,10.1,54.5,0,0,1,0,74.5,0
12,0.31,111.4,5.2,3,1,0,0,100.0,0
17,7.64,63.5,12.5,2,1,0,0,100.0,0
13,0.45,128.3,49.5,5,0,0,1,96.4,0
15,3.52,20.0,105.0,2,0,1,0,79.3,0
2,5.82,47.8,2.3,1,0,0,0,33.1,1
20,7.34,51.5,20.2,0,1,0,0,87.7,0
10,5.79,20.6,3.4,3,0,1,1,84.0,0
3,3.87,122.5,21.1,3,1,1,1,70.0,0
19,7.8,12.2,9.9,2,1,0,0,100.0,0
17,0.6,98.3,53.3,2,0,0,0,76.6,0
1,7.9,199.5,1.6,1,1,2,0,63.1,1
4,6.84,15.7,8.0,5,0,1,0,66.7,1
0,7.45,23.0,16.8,1,1,1,0,43.7,1
6,2.26,44.5,8.9,1,0,2,0,93.4,0
2,1.4,260.6,13.3,3,1,3,0,51.1,1
17,5.41,5.8,4.1,4,1,1,1,97.5,0
12,4.27,16.7,33.9,1,0,1,0,95.9,0
23,4.33,47.9,36.2,1,0,4,0,25.6,1
17,7.42,5.6,1.4,4,0,1,0,100.0,0
14,5.07,107.4,22.6,2,1,0,0,92.4,0
12,2.7,12.2,14.3,3,0,1,0,85.1,0
1,3.38,2.9,11.4,2,1,1,0,72.9,0
1,1.33,20.5,25.0,0,0,1,0,77.1,0
14,1.78,125.8,48.1,5,1,1,0,100.0,0
0,1.4,11.6,18.4,2,1,1,0,60.8,1
1,6.54,4.8,2.5,3,0,1,0,54.8,1
5,5.73,27.2,1.2,4,1,0,0,100.0,0
21,4.38,116.7,19.1,2,1,3,0,61.8,1
11,3.18,15.9,15.4,2,0,0,0,100.0,0
17,5.45,92.1,7.3,1,0,1,0,89.8,0
9,6.56,89.8,5.5,3,0,2,1,77.5,0
4,7.09,21.3,10.5,1,1,2,0,53.2,1
8,4.51,40.3,3.1,1,1,0,0,99.4,0
2,6.61,19.8,9.4,4,1,2,0,71.1,0
18,4.24,17.1,5.1,2,0,0,0,100.0,0
4,3.95,53.8,4.1,1,0,0,0,61.0,1
9,6.96,202.9,7.8,0,1,1,1,87.1,0
23,3.28,28.7,2.5,1,1,0,0,86.3,0
14,3.35,238.7,65.7,6,1,1,0,95.2,0
11,2.65,34.5,5.3,3,0,1,0,100.0,0
13,4.29,60.1,16.3,2,1,0,1,100.0,0
18,4.5,30.1,70.8,2,0,3,0,62.8,1
6,5.39,11.0,10.2,2,0,1,1,74.5,0
15,3.61,2.6,79.5,3,1,0,1,86.3,0
20,1.98,149.9,69.5,3,0,0,0,71.1,0
13,6.97,22.4,31.1,1,0,0,0,98.0,0
10,2.96,179.5,0.6,4,0,2,1,86.0,0
3,7.41,34.4,7.1,3,1,1,1,62.4,1
5,1.9,0.3,32.8,2,1,2,1,91.6,0
22,4.61,46.9,7.5,2,1,1,0,64.7,1
12,4.43,131.6,2.4,3,0,1,1,77.1,0
7,6.68,61.3,2.1,3,1,2,0,91.3,0
10,1.37,110.3,11.4,3,0,0,1,92.9,0
13,7.31,44.2,13.6,1,1,2,0,94.4,0
12,4.39,13.6,8.4,1,0,1,1,80.3,0
16,4.81,30.9,26.7,2,0,2,0,95.0,0
6,4.23,57.8,45.9,1,0,0,0,81.9,0
15,0.58,115.3,5.2,1,1,0,0,100.0,0
10,4.13,8.2,16.1,1,0,2,1,88.0,0
22,2.33,138.2,2.7,1,0,0,1,60.1,1
3,2.94,2.5,65.3,2,0,1,0,50.8,1
3,5.3,0.5,33.0,3,1,1,0,80.2,0
11,4.13,17.2,38.1,2,0,0,0,100.0,0
12,1.02,77.5,45.8,1,0,0,0,98.6,0
16,0.86,7.4,8.4,0,0,0,0,89.7,0
9,1.73,158.0,14.9,0,1,1,0,100.0,0
21,1.77,78.0,55.3,3,0,2,0,65.2,1
11,4.98,11.6,35.4,0,0,2,0,74.1,0
3,1.67,14.9,40.7,3,0,0,1,58.6,1
2,7.09,10.5,4.6,1,1,3,1,36.8,1
23,1.92,45.9,1.1,1,0,0,0,52.7,1
3,1.0,80.5,3.3,1,0,0,0,60.8,1
22,7.04,13.8,3.9,5,0,2,0,69.2,0
6,2.57,15.9,25.9,4,1,0,0,100.0,0
2,3.58,32.6,45.8,5,0,0,0,71.4,0
7,7.68,1.9,10.3,2,1,0,0,100.0,0
14,7.57,187.2,11.6,3,1,0,1,100.0,0
10,5.8,6.8,0.8,1,1,0,0,100.0,0
18,0.83,35.8,31.1,0,1,0,0,97.7,0
14,4.87,47.9,45.2,2,1,2,1,86.1,0
9,7.92,27.9,31.0,1,0,1,0,87.8,0
15,7.59,116.1,17.4,1,0,2,1,77.3,0
23,1.12,25.5,5.6,1,1,1,0,72.0,0
9,3.35,25.8,24.1,8,0,0,0,100.0,0
3,2.73,53.9,6.1,2,0,0,0,65.8,1
9,1.3,38.0,5.3,5,0,0,0,100.0,0
20,5.65,59.1,10.9,1,0,0,0,90.4,0
5,2.41,12.5,14.7,0,0,1,1,85.9,0
22,2.96,38.7,10.7,1,0,1,1,59.0,1
14,1.0,30.3,7.6,3,0,0,1,100.0,0
14,4.13,30.3,29.8,4,1,1,0,100.0,0
7,1.52,21.7,8.9,3,0,2,1,92.0,0
22,3.63,36.6,44.5,2,0,1,0,40.0,1
0,1.4,27.7,5.7,2,1,1,0,76.4,0
7,7.64,265.7,22.7,3,1,0,0,100.0,0
10,1.42,132.6,0.0,1,0,0,0,98.6,0
11,4.32,14.4,23.2,3,1,1,0,100.0,0
11,1.82,3.3,17.3,1,0,0,0,69.1,0
3,0.89,5.3,20.1,1,1,0,0,80.8,0
5,1.86,20.5,0.1,4,1,1,0,100.0,0
2,0.72,44.0,6.6,2,1,3,1,50.4,1
13,1.37,43.7,24.9,7,0,2,1,95.0,0
8,4.1,32.6,12.8,4,0,1,0,100.0,0
13,5.32,147.3,19.4,4,0,2,1,77.9,0
14,0.97,112.5,12.3,2,1,1,0,97.2,0
16,3.7,141.9,32.3,3,0,0,1,95.5,0
13,4.78,9.6,13.0,3,1,1,0,100.0,0
15,2.1,9.7,6.4,2,1,2,0,99.9,0
14,3.17,80.3,4.7,2,1,0,1,100.0,0
15,0.85,7.7,93.3,3,1,0,1,100.0,0
14,2.0,75.4,12.8,3,0,1,0,83.2,0
7,3.89,5.0,26.4,0,0,0,0,71.0,0
5,7.93,46.0,55.1,4,1,1,0,100.0,0
18,7.97,4.1,17.2,0,0,2,1,74.8,0
8,7.84,19.3,9.1,3,1,0,0,100.0,0
13,3.56,20.8,58.1,3,1,0,1,100.0,0
4,0.92,91.8,15.6,2,0,0,0,77.1,0
10,2.79,6.9,24.8,2,0,0,0,96.0,0
12,2.13,72.6,13.1,2,0,0,1,94.6,0
15,0.41,19.2,27.7,0,1,0,0,100.0,0
12,1.03,50.7,9.8,2,1,1,1,89.7,0
8,3.79,137.8,25.6,2,0,1,1,87.0,0
23,2.92,87.4,41.6,4,0,1,0,62.5,1
12,1.69,99.5,17.1,0,0,0,1,100.0,0
19,5.81,202.3,58.1,0,1,1,0,89.1,0
17,3.05,6.3,4.6,2,1,3,0,77.2,0
13,6.86,176.8,59.0,6,0,3,0,78.6,0
21,2.16,164.5,24.7,2,0,1,1,60.4,1
3,4.45,49.7,0.2,2,0,1,1,57.8,1
22,1.72,114.8,16.3,2,0,0,0,67.0,1
20,4.11,1.1,1.7,1,0,0,0,83.0,0
12,1.47,45.0,2.3,2,0,1,0,100.0,0
17,1.54,36.4,1.5,3,1,1,0,100.0,0
12,5.01,242.8,30.9,2,0,0,0,97.5,0
6,2.33,17.9,33.2,1,0,1,0,97.3,0
19,1.63,45.1,10.8,2,0,2,0,71.6,0
5,7.46,11.8,11.8,1,1,0,0,94.5,0
7,0.63,46.6,30.6,2,1,0,0,100.0,0
12,4.65,97.9,4.7,4,0,1,1,95.0,0
20,4.52,73.4,0.9,0,0,0,0,75.4,0
9,2.23,0.2,5.7,3,1,0,0,100.0,0
11,3.79,3.3,39.2,2,1,2,0,88.6,0
0,0.98,65.1,10.3,3,0,0,1,60.5,1
2,5.85,58.0,33.0,5,0,0,1,67.4,1
1,2.01,41.9,63.3,5,0,0,0,77.1,0
1,1.79,16.6,0.7,1,0,1,0,65.7,1
20,2.72,0.8,18.4,2,0,2,0,72.2,0
20,7.25,92.5,29.5,1,0,0,0,82.6,0
19,6.43,56.7,3.8,2,0,2,1,68.0,0
1,7.59,88.2,21.7,1,0,0,1,54.8,1
1,5.32,80.8,7.5,4,1,0,0,83.6,0
6,5.4,43.2,20.7,0,1,1,0,81.8,0
13,4.0,30.8,5.2,2,0,0,0,100.0,0
8,7.27,5.5,47.3,4,1,1,1,98.3,0
11,4.23,37.8,57.6,2,0,1,0,91.8,0
4,3.03,38.2,2.5,4,1,0,0,94.8,0
17,5.23,16.4,44.6,0,0,3,0,56.9,1
7,4.51,123.4,14.1,1,1,1,0,89.7,0
1,1.25,65.4,3.3,2,1,0,0,85.0,0
17,3.32,8.4,5.2,2,1,0,0,100.0,0
21,2.71,159.1,47.7,3,0,3,1,44.3,1
0,6.82,51.7,20.7,2,1,0,1,62.2,1
10,3.22,19.3,2.1,0,1,0,0,94.8,0
19,6.63,175.2,16.2,5,0,2,0,60.8,1
16,3.71,37.5,28.0,3,0,0,0,100.0,0
20,6.1,109.6,13.3,2,0,1,0,75.9,0
9,1.34,59.7,6.7,2,0,0,1,100.0,0
8,7.42,15.9,50.2,2,0,2,0,76.0,0
17,4.0,75.3,79.5,3,1,2,1,90.6,0
3,2.3,19.6,13.8,2,1,1,0,77.4,0
5,2.16,23.7,15.9,1,1,1,0,100.0,0
14,2.34,31.0,4.9,2,1,2,0,100.0,0
16,3.12,28.6,29.2,0,0,1,0,95.8,0
2,5.82,55.2,18.3,2,0,0,0,54.3,1
12,7.61,90.1,2.8,1,0,0,0,82.1,0
8,5.45,34.0,16.5,2,1,1,0,100.0,0
12,4.51,42.4,8.0,1,0,1,1,73.2,0
23,3.75,6.8,6.8,2,1,0,0,77.7,0
1,6.68,44.7,16.0,0,1,0,0,51.7,1
23,6.84,13.0,4.1,2,1,1,0,60.8,1
10,2.56,23.7,41.2,1,0,3,0,63.9,1
18,7.64,25.6,5.3,1,0,1,0,83.3,0
10,3.34,46.4,29.6,2,0,1,0,97.2,0
7,6.46,81.3,1.9,3,0,3,0,85.7,0
18,7.74,37.6,27.8,2,0,1,0,85.3,0
16,5.72,4.2,11.0,0,1,0,1,99.9,0
3,1.54,161.7,4.3,2,0,0,0,41.9,1
16,4.81,14.6,66.1,3,1,2,0,85.4,0
18,1.21,36.1,9.8,2,1,0,1,100.0,0
9,6.38,181.7,8.1,3,0,3,0,70.2,0
22,2.47,159.9,24.8,7,1,1,1,75.9,0
15,5.65,51.0,19.7,2,0,0,0,97.9,0
8,7.31,73.2,18.2,0,1,0,1,100.0,0
0,1.69,111.3,41.5,1,1,1,0,52.9,1
16,3.33,21.4,22.1,2,0,1,0,95.9,0
5,5.28,73.2,10.5,3,0,0,0,96.0,0
18,3.53,20.3,16.2,2,1,1,1,100.0,0
12,1.65,81.2,4.0,3,0,1,0,100.0,0
11,0.52,30.1,23.8,2,1,1,0,99.8,0
3,3.43,19.4,13.5,4,1,2,1,83.6,0
17,5.3,105.1,9.5,2,1,1,1,85.8,0
3,4.72,10.7,27.5,1,0,2,0,30.4,1
10,1.5,64.1,63.3,2,1,1,0,86.3,0
20,3.77,0.8,23.6,2,1,1,1,91.8,0
22,3.14,37.1,7.0,1,1,1,1,59.4,1
23,2.41,119.5,10.2,3,0,0,0,73.5,0
22,5.92,97.6,39.5,2,1,2,0,65.1,1
13,2.68,44.1,7.8,3,1,3,1,85.6,0
4,4.46,26.0,20.0,3,0,1,1,71.1,0
20,7.41,15.3,11.4,0,0,2,1,50.0,1
19,4.45,9.7,2.2,4,1,0,0,98.7,0
23,5.05,3.7,11.6,2,1,1,0,56.2,1
15,0.86,21.5,6.2,3,1,0,0,100.0,0
3,1.67,9.8,12.2,2,0,0,0,74.3,0
12,1.08,79.8,30.4,1,0,1,0,89.7,0
10,6.19,0.1,15.3,3,1,0,0,100.0,0
20,6.74,99.6,7.8,2,0,2,0,50.2,1
9,1.74,14.7,0.8,2,1,0,0,100.0,0
7,1.99,116.2,27.8,5,1,1,0,100.0,0
1,2.79,73.1,37.4,3,0,1,0,50.8,1
20,4.85,12.4,1.9,2,1,2,0,84.2,0
18,5.09,62.2,22.9,3,1,0,1,100.0,0
0,5.59,240.0,7.7,3,0,0,0,64.2,1
10,7.27,32.1,2.6,0,0,0,1,85.3,0
11,2.57,23.7,0.3,0,1,1,1,100.0,0
11,5.37,73.7,39.3,2,0,0,0,100.0,0
22,4.61,86.3,0.6,2,0,0,0,76.2,0
3,2.65,45.6,6.7,0,0,0,1,52.2,1
7,7.29,3.6,61.6,2,1,1,0,100.0,0
4,1.04,1.0,1.3,2,1,0,0,85.7,0
5,5.78,164.4,1.0,1,0,0,1,79.4,0
21,5.9,49.1,4.7,1,0,0,0,70.5,0
22,7.35,21.5,64.4,0,0,0,0,60.6,1
1,4.29,50.8,23.6,0,0,0,0,78.5,0
15,2.78,46.5,15.3,1,1,0,1,100.0,0
5,6.67,1.8,43.0,2,0,0,0,94.5,0
4,6.24,5.9,5.2,1,0,1,0,46.8,1
7,4.15,26.7,22.2,0,0,2,0,84.7,0
4,6.21,249.2,11.4,2,0,0,0,71.5,0
11,2.36,24.7,5.1,6,0,1,1,100.0,0
23,4.84,59.2,15.9,3,1,0,0,83.2,0
14,6.96,3.8,29.6,1,1,1,0,75.6,0
17,2.75,25.8,13.6,0,1,0,0,100.0,0
11,4.02,26.1,8.7,2,0,4,0,65.6,1
0,7.62,72.0,2.1,2,0,0,0,53.0,1
2,6.45,19.8,17.8,3,0,0,0,72.0,0
6,7.13,150.1,7.1,2,1,1,0,93.5,0
5,3.27,7.7,8.8,1,0,0,1,93.8,0
20,7.97,123.1,8.9,4,0,0,0,82.9,0
20,1.47,7.6,12.8,3,0,1,0,87.0,0
20,4.29,117.5,11.4,2,0,0,0,73.8,0
15,3.99,38.2,38.5,3,1,1,0,93.5,0
13,6.45,281.4,15.3,3,0,1,0,85.3,0
15,7.3,5.3,23.6,4,1,0,0,100.0,0
9,5.93,58.0,17.1,1,1,0,0,99.6,0
16,5.13,213.3,0.7,0,1,0,0,71.3,0
19,3.59,48.7,6.2,3,0,0,1,80.2,0
18,4.23,167.9,3.8,1,1,1,1,86.4,0
14,4.22,9.0,16.1,2,1,0,0,100.0,0
1,0.46,23.5,56.5,6,0,0,0,89.1,0
17,4.17,21.0,2.8,2,1,1,0,98.2,0
8,6.89,45.4,10.7,2,0,0,0,100.0,0
17,5.76,30.1,15.5,2,0,2,0,66.0,1
12,6.43,1.8,7.9,2,0,0,0,100.0,0
21,3.31,61.3,19.1,3,1,1,0,100.0,0
8,4.37,26.3,9.0,3,1,1,0,97.0,0
22,0.56,177.0,11.0,3,1,0,1,76.7,0
20,3.25,19.3,29.3,1,0,1,0,72.2,0
7,3.95,83.7,13.5,2,1,0,0,100.0,0
11,2.27,45.8,24.7,3,0,2,1,85.5,0
12,0.54,132.0,15.3,0,0,1,0,77.6,0
18,5.62,14.6,5.0,1,0,1,0,94.8,0
16,3.65,6.6,8.3,2,1,0,0,100.0,0
20,3.5,9.7,17.6,1,0,0,0,83.9,0
8,2.22,5.9,10.8,3,1,1,0,100.0,0
12,4.44,62.6,1.5,2,0,1,0,84.3,0
10,3.67,22.3,18.4,0,1,2,1,78.0,0
21,3.95,101.2,22.4,3,0,1,0,79.3,0
7,4.77,45.0,4.7,3,1,1,1,100.0,0
14,0.35,162.1,46.5,2,0,0,0,86.6,0
2,7.29,24.9,13.3,1,1,1,0,69.2,0
20,0.85,15.0,2.3,2,1,0,0,86.2,0
9,3.77,73.1,4.5,1,1,0,0,100.0,0
8,1.9,0.0,14.5,3,1,3,0,89.2,0
13,4.33,206.4,2.4,1,1,2,1,73.6,0
11,2.46,1.0,11.6,2,0,2,0,87.8,0
20,6.92,50.8,41.5,4,1,1,1,83.7,0
12,3.35,62.1,59.4,2,0,0,0,99.1,0
12,5.22,103.3,35.9,1,1,2,0,65.6,1
2,2.22,21.4,11.2,1,0,1,1,51.7,1
0,0.45,36.9,33.8,4,0,1,0,69.2,0
9,3.41,16.5,23.5,3,1,0,0,100.0,0
23,4.43,7.4,27.9,1,0,1,0,42.9,1
22,3.84,83.9,20.6,5,0,1,0,63.8,1
15,7.71,67.5,4.7,3,0,2,0,81.3,0
15,5.74,151.6,23.7,1,1,0,0,100.0,0
9,7.97,20.4,20.6,2,0,3,0,60.1,1
4,2.57,13.9,26.7,2,0,1,0,56.0,1
0,6.38,13.8,3.0,2,1,0,0,79.6,0
8,4.58,1.4,11.0,0,1,0,0,100.0,0
7,5.01,62.8,3.0,3,1,2,0,82.7,0
4,7.89,0.1,1.8,4,1,1,0,68.4,0
6,5.34,28.9,1.0,5,1,0,0,100.0,0
0,7.22,36.5,40.7,4,0,1,1,49.3,1
14,5.89,42.2,18.1,3,0,1,0,100.0,0
22,1.28,201.1,17.9,1,1,0,0,57.6,1
16,5.69,0.0,106.4,2,1,1,1,100.0,0
10,4.03,11.7,4.3,1,0,2,0,68.2,0
10,7.37,78.8,12.9,0,0,1,0,70.8,0
7,6.51,93.9,15.7,4,0,1,0,79.0,0
3,1.1,115.8,28.2,4,0,0,1,66.7,1
14,1.33,81.0,9.6,1,0,2,1,74.8,0
13,0.84,21.1,16.0,3,0,2,0,79.7,0
0,4.1,74.1,8.6,2,1,2,1,65.0,1
9,0.92,112.3,43.6,2,0,0,1,95.4,0
6,5.87,94.2,17.7,1,0,3,0,66.8,1
4,4.55,7.9,49.2,3,0,0,0,72.0,0
16,6.74,15.5,19.6,2,0,1,0,93.9,0
12,2.45,9.9,31.5,1,1,0,0,100.0,0
15,4.3,114.2,24.5,3,1,1,1,91.8,0
17,1.2,45.4,4.1,2,0,1,0,82.0,0
23,7.11,22.9,5.7,1,1,1,0,64.2,1
19,1.65,10.8,7.6,4,1,2,1,91.3,0
14,1.09,4.9,18.5,4,0,0,1,100.0,0
21,1.88,75.1,38.0,3,1,1,0,77.4,0
11,6.51,5.4,20.3,0,0,2,0,84.5,0
23,1.11,52.0,12.3,2,0,0,0,65.2,1
18,5.03,17.6,4.2,1,0,0,1,91.3,0
15,6.05,8.9,12.7,2,0,1,0,81.4,0
21,6.08,0.3,54.8,5,1,1,0,100.0,0
12,1.76,27.0,20.6,4,0,1,0,96.9,0
17,0.77,32.3,7.1,2,0,1,1,78.5,0
6,3.76,144.8,26.2,4,0,0,0,100.0,0
23,1.86,26.9,2.7,1,0,0,0,74.4,0
14,5.68,9.7,23.0,3,1,0,1,100.0,0
18,3.05,56.7,4.3,5,0,0,0,100.0,0
11,3.76,2.4,0.2,1,1,2,1,92.3,0
20,1.17,175.1,14.9,0,0,1,0,69.5,0
1,4.67,124.5,27.2,2,1,0,1,45.4,1
2,1.73,79.0,27.7,1,1,0,0,64.2,1
12,5.53,149.2,36.3,6,0,1,0,85.1,0
17,0.85,36.4,13.4,3,0,0,0,93.6,0
19,7.81,106.4,10.1,2,0,0,0,94.9,0
10,5.57,38.8,22.1,5,0,1,0,87.1,0
15,1.7,313.5,38.0,0,0,0,1,64.2,1
13,0.41,45.7,3.9,4,0,1,0,100.0,0
23,2.88,51.3,30.5,4,1,1,0,68.2,0
15,1.48,44.4,47.6,2,1,2,0,83.8,0
10,1.98,58.5,33.1,0,0,3,0,71.9,0
23,7.02,216.5,8.8,1,1,0,0,54.4,1
2,4.94,8.5,29.5,3,0,3,1,45.0,1
23,1.66,11.7,9.4,1,0,1,1,31.4,1
3,4.59,43.9,7.2,6,0,0,0,76.7,0
6,2.27,46.1,62.8,0,1,2,0,77.1,0
19,7.82,27.0,17.2,2,0,0,0,98.1,0
17,0.55,7.8,34.5,2,0,0,1,97.6,0
23,5.94,91.1,13.7,3,0,1,0,46.1,1
17,6.25,16.9,12.0,3,0,2,0,92.9,0
15,0.82,95.7,22.1,1,0,1,0,93.1,0
8,1.62,264.8,31.1,6,1,0,1,100.0,0
0,3.26,150.0,21.8,4,1,1,0,81.7,0
2,6.98,13.6,13.9,0,0,0,0,68.0,0
7,4.43,17.5,10.1,1,1,1,0,88.9,0
0,5.35,23.5,8.7,0,1,1,1,67.3,1
12,6.33,80.9,1.3,2,1,1,1,100.0,0
18,6.68,93.4,23.0,2,0,0,1,96.1,0
23,3.97,3.0,18.9,4,0,0,1,72.1,0
11,4.22,32.3,6.0,2,0,0,0,95.9,0
21,5.83,128.9,14.1,2,1,0,0,98.7,0
23,2.33,52.4,26.5,4,1,0,1,87.2,0
20,6.88,53.2,10.2,3,1,1,0,83.1,0
11,0.46,17.0,57.0,1,0,0,0,89.9,0
7,1.81,31.6,3.7,0,0,1,0,76.1,0
23,6.46,71.6,6.8,3,1,1,0,63.5,1
5,2.92,77.8,30.4,2,1,2,0,100.0,0
9,1.45,120.6,29.6,0,1,2,0,90.8,0
1,1.74,6.1,19.7,0,0,0,1,47.7,1
19,4.39,62.0,16.5,5,0,0,0,80.9,0
15,6.82,49.9,4.4,2,0,1,0,89.4,0
2,0.84,8.9,5.3,3,0,1,1,65.8,1
5,0.53,41.8,13.6,3,1,0,0,100.0,0
13,3.88,42.1,6.4,4,0,0,1,93.3,0
12,7.66,7.8,2.0,9,0,1,0,100.0,0
19,2.45,24.5,24.2,3,1,0,0,84.4,0
6,7.69,154.3,68.6,3,0,2,1,71.8,0
22,7.14,127.8,11.0,1,0,2,0,45.7,1
10,2.48,88.9,10.4,2,0,1,1,100.0,0
19,6.59,24.4,13.7,2,0,1,0,77.4,0
5,5.58,38.0,4.0,4,0,0,0,100.0,0
0,4.24,194.7,15.9,1,1,0,0,68.7,0
1,3.56,146.2,20.4,1,1,1,1,56.1,1
8,6.58,105.3,4.0,2,0,1,0,74.1,0
22,6.41,25.5,12.4,4,1,0,0,76.7,0
1,6.13,11.5,33.4,1,0,0,0,57.6,1
8,7.99,9.9,4.1,0,0,0,0,81.0,0
2,3.98,1.8,22.9,1,1,0,0,81.5,0
22,6.51,45.4,15.1,0,0,0,0,48.7,1
16,6.94,53.2,2.5,2,0,2,1,70.4,0
18,1.93,165.7,9.1,3,1,0,1,95.8,0
17,0.62,56.3,9.2,2,0,3,1,86.6,0
15,3.42,14.4,5.2,3,1,0,1,100.0,0
18,6.9,91.2,15.8,3,0,0,0,100.0,0
0,2.53,15.5,0.8,2,0,0,0,66.0,1
20,5.69,130.2,54.8,1,0,2,0,53.4,1
17,0.36,3.3,10.1,0,0,2,1,72.5,0
17,3.04,17.7,11.8,2,0,1,1,100.0,0
9,5.04,241.7,7.2,1,0,2,0,56.4,1
19,1.3,25.5,4.2,0,1,0,1,88.0,0
9,7.2,0.2,29.0,2,1,1,0,93.6,0
1,1.5,22.1,12.8,3,1,1,1,68.9,0
21,7.31,28.0,7.3,2,0,0,1,86.9,0
5,1.97,16.3,51.7,0,1,0,0,98.0,0
2,7.96,75.1,24.7,0,1,1,0,53.3,1
14,4.96,46.0,10.3,7,0,0,0,100.0,0
5,0.95,66.8,36.9,1,1,1,0,93.7,0
20,0.8,64.0,24.4,5,0,1,1,89.4,0
10,0.88,0.8,14.4,1,1,1,0,100.0,0
0,4.84,13.7,36.1,3,1,0,0,80.3,0
22,6.53,120.6,13.3,1,1,1,0,42.6,1
12,3.4,129.4,7.8,3,0,0,0,100.0,0
6,3.73,40.3,28.9,0,1,0,0,100.0,0
16,4.84,28.6,9.1,3,1,2,1,85.8,0
12,4.4,32.0,20.8,1,0,0,1,73.6,0
0,5.6,32.4,25.4,0,1,0,0,68.2,0
18,3.93,149.0,106.3,2,0,1,0,90.5,0
9,5.8,1.3,41.6,2,0,1,0,82.5,0
16,7.98,53.7,2.7,3,0,1,1,96.9,0
21,3.0,24.8,1.9,1,0,1,0,73.6,0
14,0.39,125.0,33.3,3,1,0,0,100.0,0
16,1.27,72.6,9.4,1,0,0,0,100.0,0
6,4.56,35.4,0.3,2,0,2,0,85.5,0
5,2.95,75.3,22.1,3,1,2,1,85.2,0
9,7.54,235.4,29.6,1,0,0,0,74.3,0
20,5.13,22.7,3.7,1,0,0,0,82.2,0
12,4.31,63.8,16.6,1,0,1,1,81.4,0
8,6.44,162.4,28.4,2,0,0,0,100.0,0
18,2.29,96.2,4.4,1,1,0,1,100.0,0
20,6.61,6.6,2.5,2,0,0,0,89.1,0
21,0.32,91.4,5.0,2,0,0,0,88.8,0
7,5.07,60.2,23.6,2,1,0,0,94.8,0
17,7.5,120.7,0.5,3,0,0,0,100.0,0
14,6.37,37.1,15.5,1,0,1,0,74.0,0
10,6.87,40.4,9.9,2,0,0,0,95.8,0
9,3.36,94.9,13.5,2,0,0,0,99.3,0
2,6.65,22.3,3.5,3,0,1,0,67.7,0
6,4.54,50.3,8.8,1,1,0,0,100.0,0
13,5.06,131.5,12.5,5,0,0,0,88.1,0
21,0.75,4.2,0.8,3,0,0,0,100.0,0
20,1.85,63.5,1.7,6,1,2,0,100.0,0
4,4.54,225.1,59.3,6,1,1,0,69.2,0
16,0.75,48.0,0.5,0,0,1,1,82.2,0
2,6.01,87.3,35.2,2,1,0,1,58.9,1
16,6.77,182.4,19.4,1,0,1,0,74.0,0
8,7.39,23.7,0.2,2,0,1,0,100.0,0
10,1.08,2.5,5.0,1,1,0,0,100.0,0
17,7.54,1.1,49.6,5,0,0,0,100.0,0
10,0.82,20.5,0.5,1,0,0,1,91.2,0
19,3.95,256.2,19.9,3,1,0,0,97.8,0
12,6.77,23.7,19.4,3,1,0,0,100.0,0
23,0.84,171.5,33.5,2,0,0,0,67.4,0
15,0.44,22.8,22.9,3,1,1,0,100.0,0
7,0.49,85.5,26.2,2,1,0,0,100.0,0
18,4.24,1.8,12.2,2,0,0,0,100.0,0
9,6.55,49.4,10.2,2,1,1,1,100.0,0
12,1.28,37.0,19.3,6,0,0,0,100.0,0
3,1.26,3.8,8.8,0,1,1,1,48.3,1
2,4.68,106.6,12.3,1,1,0,0,46.1,1
13,2.1,46.4,16.6,4,1,3,0,89.4,0
4,5.92,13.3,6.6,2,1,0,1,63.6,1
23,7.61,61.3,15.6,0,0,3,0,33.8,1
20,6.2,75.7,5.2,2,0,0,1,67.9,0
16,7.05,15.5,2.1,5,0,1,0,100.0,0
17,4.3,11.5,7.2,3,0,0,0,100.0,0
14,6.71,60.1,2.1,4,1,0,0,100.0,0
1,1.71,112.4,3.5,1,0,0,0,62.4,1
9,0.83,101.0,34.5,2,0,0,0,87.5,0
11,5.35,37.1,13.9,1,0,2,0,69.5,0
21,0.7,41.0,0.8,0,0,1,1,83.1,0
5,7.17,52.3,81.0,3,0,1,1,81.5,0
11,5.62,1.9,3.2,3,0,0,0,100.0,0
8,7.63,74.6,9.0,2,1,0,0,94.9,0
3,2.72,70.6,2.7,4,1,2,1,63.9,1
2,4.04,160.3,19.4,1,1,1,0,64.0,1
8,6.01,305.1,16.0,2,0,2,0,87.5,0
1,2.17,24.5,20.2,3,1,2,0,54.2,1
1,4.47,20.9,9.9,0,1,1,1,60.1,1
8,5.38,32.2,80.2,3,0,0,0,99.9,0
4,7.84,13.3,51.6,1,0,1,1,40.8,1
13,6.03,11.5,39.1,1,1,0,0,100.0,0
0,1.21,39.5,1.9,1,1,1,1,78.5,0
7,3.96,105.8,22.8,4,0,1,1,91.4,0
10,4.83,102.0,54.0,1,0,1,0,89.0,0
23,1.43,23.7,30.6,2,0,3,1,39.5,1
15,3.63,3.2,0.4,2,1,0,0,100.0,0
21,2.49,6.8,28.7,1,0,1,1,84.6,0
8,1.21,11.8,8.7,2,1,0,0,100.0,0
10,4.24,65.7,17.0,1,0,0,1,91.0,0
10,1.58,25.1,4.7,3,0,3,0,71.8,0
21,4.85,128.8,0.4,4,0,2,1,61.2,1
23,1.61,52.0,0.2,0,1,0,1,68.7,0
23,5.87,8.3,13.3,3,1,3,0,39.7,1
18,1.8,2.5,1.0,3,0,2,0,96.5,0
12,7.2,56.9,7.8,0,0,3,0,54.7,1
12,0.5,2.6,22.0,4,1,0,0,100.0,0
23,4.32,29.8,26.3,5,0,0,0,84.0,0
6,2.76,18.4,57.8,4,1,0,0,100.0,0
8,2.03,34.7,32.7,5,0,1,0,100.0,0
21,3.93,38.3,5.2,3,0,1,0,76.6,0
9,6.78,78.4,23.9,1,1,0,0,100.0,0
5,7.35,15.4,17.7,0,0,2,0,62.6,1
13,2.64,223.0,10.2,3,1,0,0,100.0,0
7,1.49,85.7,34.6,2,0,0,0,100.0,0
21,5.85,26.9,10.1,3,0,2,0,65.8,1
21,4.78,0.4,21.1,2,0,2,0,58.6,1
7,1.85,23.7,5.3,0,1,0,0,100.0,0
12,6.15,73.6,21.7,5,0,0,0,100.0,0
23,4.3,16.9,12.1,3,0,0,0,73.8,0
17,5.33,12.1,9.7,2,0,0,0,100.0,0
5,3.07,99.8,12.2,4,1,0,0,100.0,0
14,3.68,89.4,16.6,1,0,0,1,83.4,0
14,1.69,169.6,43.2,3,1,0,0,100.0,0
15,6.13,13.5,19.5,3,0,1,1,86.2,0
0,1.51,76.7,20.1,0,0,0,0,50.2,1
7,6.29,15.7,2.1,1,1,0,0,100.0,0
20,6.44,131.0,34.2,2,0,2,0,74.3,0
5,6.05,149.6,27.0,3,1,3,1,75.3,0
7,0.45,68.0,0.8,4,1,0,1,100.0,0
7,2.4,3.3,55.2,2,1,0,0,100.0,0
4,3.91,47.8,7.7,2,0,3,1,40.1,1
3,4.89,6.3,1.2,1,1,0,0,66.7,1
8,7.38,4.5,58.5,4,0,0,0,99.5,0
20,3.19,11.7,5.2,3,0,1,0,86.2,0
0,7.04,94.7,16.4,1,1,0,0,65.8,1
6,1.56,34.5,22.8,7,0,1,0,100.0,0
1,3.16,173.0,6.8,1,0,0,1,50.2,1
13,0.7,65.0,36.5,2,0,0,0,100.0,0
6,6.02,17.8,21.0,3,1,1,1,97.3,0
19,1.46,100.3,19.8,1,1,0,0,84.8,0
14,2.28,13.1,19.3,3,0,1,0,96.0,0
18,6.27,10.3,15.7,3,1,2,1,89.5,0
15,4.42,22.1,30.4,3,0,1,0,93.7,0
10,0.41,132.6,4.0,4,1,0,0,100.0,0
20,0.32,343.5,12.0,0,0,1,0,65.1,1
11,4.23,1.0,11.0,1,1,0,0,100.0,0
22,2.65,54.3,12.5,0,1,0,1,74.7,0
23,1.69,26.5,27.1,1,0,2,0,49.1,1
14,5.02,115.0,21.5,1,1,0,0,100.0,0
16,2.06,85.0,13.6,3,0,0,1,100.0,0
6,4.86,7.3,16.6,4,0,0,0,100.0,0
19,3.22,27.0,28.9,1,0,0,0,83.3,0
16,1.74,1.6,49.1,2,1,0,0,100.0,0
21,1.36,10.5,5.8,1,0,2,0,57.4,1
6,2.12,56.6,33.5,1,1,0,0,100.0,0
18,0.53,54.6,9.2,3,1,1,0,100.0,0
11,2.67,166.3,39.6,3,1,0,0,99.0,0
4,7.25,39.9,20.6,0,0,0,0,46.7,1
4,6.7,7.5,5.9,3,1,1,0,66.2,1
13,3.16,51.9,22.2,4,1,0,0,100.0,0
7,4.73,70.5,10.5,2,1,1,1,93.2,0
2,4.67,17.0,7.4,1,1,1,0,66.9,1
10,6.68,14.7,19.1,0,0,0,0,96.4,0
15,2.12,64.9,11.4,7,0,0,0,100.0,0
7,2.58,3.3,2.7,2,0,1,1,100.0,0
22,2.62,158.5,46.0,3,1,0,0,67.9,0
18,0.61,63.7,12.7,4,0,0,1,100.0,0
12,2.72,25.0,4.9,0,1,3,0,79.3,0
22,7.06,28.8,5.8,1,1,0,0,70.7,0
10,7.32,18.9,11.9,1,1,0,0,100.0,0
3,1.14,2.1,58.7,2,0,0,0,76.8,0
0,3.83,96.6,17.7,2,0,2,0,30.5,1
22,3.24,14.3,0.6,2,1,1,0,71.9,0
23,4.07,43.4,1.7,5,1,1,0,93.1,0
17,4.57,14.5,30.0,2,0,0,0,91.2,0
2,0.46,81.7,6.3,1,1,0,0,84.9,0
7,6.79,24.5,33.4,2,0,0,0,91.0,0
0,7.8,22.3,5.2,1,1,2,0,39.4,1
1,5.33,42.3,29.7,2,1,1,0,66.4,1
5,5.39,42.7,7.4,1,0,0,0,84.8,0
13,4.37,179.2,13.9,3,0,0,0,91.8,0
1,2.87,44.1,13.8,1,1,0,0,59.5,1
23,1.45,10.2,13.6,1,1,0,1,68.5,0
10,4.8,8.9,21.9,2,0,2,0,86.8,0
6,0.65,163.0,1.1,3,0,0,0,100.0,0
12,6.65,164.2,7.3,1,0,2,0,78.0,0
18,3.54,31.7,1.4,3,0,0,0,100.0,0
7,3.49,55.5,47.5,2,1,2,0,80.7,0
1,2.82,13.9,12.1,1,1,1,0,55.1,1
1,7.76,0.9,27.8,3,1,1,0,78.5,0
20,1.65,23.3,3.7,2,1,0,1,86.8,0
2,1.47,94.6,1.8,2,0,1,1,63.3,1
15,1.57,42.1,13.5,2,1,0,1,100.0,0
9,5.37,19.5,13.4,3,0,0,1,100.0,0
18,7.94,20.6,9.1,3,1,1,0,100.0,0
1,2.11,125.3,16.6,2,0,0,0,70.3,0
21,7.27,15.0,5.6,2,0,0,0,73.1,0
16,2.45,7.5,48.1,2,0,1,1,96.9,0
10,5.29,55.2,4.6,1,1,0,0,98.5,0
4,0.61,15.8,21.2,2,0,0,0,81.8,0
23,4.12,201.7,52.1,5,0,0,0,59.4,1
7,5.34,50.5,6.8,2,0,1,1,85.9,0
11,4.43,312.1,21.2,0,0,2,0,59.8,1
9,2.13,1.7,5.1,3,1,2,1,100.0,0
5,6.68,84.2,35.4,2,0,1,0,88.4,0
9,7.77,286.2,3.2,2,0,1,0,74.8,0
3,3.84,21.6,16.1,3,1,0,1,61.9,1
0,5.2,77.4,29.6,2,1,0,1,78.6,0
6,6.39,33.0,9.8,4,1,1,0,100.0,0
2,2.16,2.4,25.4,2,0,0,1,71.7,0
9,6.96,61.3,69.7,2,0,0,0,100.0,0
20,2.46,21.8,4.9,1,0,0,1,96.5,0
3,6.27,3.9,30.9,4,0,0,1,75.3,0
0,1.16,26.8,71.4,1,1,1,0,66.1,1
2,2.52,26.1,12.8,2,0,2,0,38.1,1
12,4.41,4.9,2.1,0,1,0,0,95.4,0
6,4.34,21.4,10.3,1,1,1,1,100.0,0
11,6.85,81.3,1.6,0,1,1,0,82.7,0
0,7.97,106.5,33.2,1,0,0,1,59.2,1
7,1.13,90.1,24.1,0,1,0,1,100.0,0
9,2.39,57.0,8.6,3,0,2,0,85.2,0
10,3.05,212.4,3.4,3,0,2,0,62.6,1
13,3.99,21.5,56.6,2,1,1,0,96.2,0
18,4.1,25.4,7.6,1,0,0,0,100.0,0
11,6.89,65.8,34.1,1,0,2,0,65.8,1
20,6.23,39.9,26.1,7,0,1,0,75.5,0
12,0.45,158.5,40.2,4,1,1,0,98.8,0
6,3.8,87.6,16.6,4,1,2,0,100.0,0
5,5.06,85.3,25.8,2,0,1,0,86.3,0
7,3.85,124.7,8.9,1,0,1,1,81.8,0
14,1.31,67.0,21.5,1,0,0,0,82.0,0
5,3.36,40.7,53.6,4,1,3,0,83.3,0
21,3.47,46.9,9.4,2,0,0,0,71.7,0
11,1.75,148.6,2.5,3,0,5,0,80.1,0
20,6.12,0.9,1.6,2,0,1,0,79.4,0
16,2.77,31.2,43.3,1,1,1,0,100.0,0
8,4.84,84.8,68.6,1,1,0,0,90.3,0
5,4.27,57.5,37.2,4,0,0,0,95.2,0
17,7.06,5.2,9.3,3,1,0,1,100.0,0
7,1.24,124.8,9.6,5,1,1,1,100.0,0
5,1.18,34.8,10.1,1,0,1,0,87.6,0
22,2.61,64.4,41.0,2,0,1,0,68.3,0
11,3.62,1.6,29.4,1,1,1,0,100.0,0
1,2.6,84.5,16.3,2,0,1,1,57.1,1
11,6.18,96.5,5.8,3,0,1,1,88.4,0
11,2.19,12.8,5.0,2,0,0,0,100.0,0
20,0.95,22.1,37.3,5,1,2,0,100.0,0
17,3.49,22.7,2.8,1,0,1,0,100.0,0
4,6.26,344.5,7.7,1,0,0,1,41.2,1
3,6.85,18.2,13.1,1,1,0,0,82.5,0
14,5.95,237.6,12.1,1,1,0,0,87.4,0
1,4.6,21.7,37.7,2,0,0,0,61.6,1
7,5.88,32.2,1.1,1,1,0,0,97.6,0
3,5.55,54.5,40.6,4,1,1,1,75.8,0
0,2.1,119.7,7.9,4,0,0,0,57.3,1
22,4.54,107.1,23.2,2,0,0,0,42.4,1
2,6.23,51.1,33.8,4,1,1,0,70.4,0
0,2.74,47.9,2.7,3,0,0,0,69.0,0
22,5.34,3.3,3.0,1,0,1,0,54.3,1
4,4.01,43.8,50.7,2,0,0,0,54.1,1
19,4.17,45.2,17.4,1,0,1,0,65.6,1
0,0.99,121.4,14.4,2,1,0,0,92.7,0
3,5.43,23.4,4.6,1,0,3,1,39.6,1
2,6.97,30.7,3.5,1,0,0,1,54.0,1
16,1.39,90.5,10.4,4,1,2,0,94.9,0
14,3.12,16.7,36.4,0,1,0,0,100.0,0
11,0.67,88.9,27.0,1,0,2,0,94.7,0
5,0.53,6.6,3.7,0,1,2,1,82.8,0
2,7.92,48.1,19.9,1,0,1,0,33.0,1
13,4.1,3.2,1.3,3,1,0,1,100.0,0
5,3.04,190.2,37.3,2,0,2,0,67.2,1
14,2.42,120.4,14.3,1,1,3,0,61.6,1
16,7.85,69.1,3.0,3,0,3,0,65.5,1
20,2.24,40.6,17.7,0,0,0,1,77.9,0
11,5.89,189.5,9.9,2,1,0,0,94.5,0
0,2.48,21.5,16.1,1,0,0,0,65.6,1
6,0.84,37.4,43.5,2,0,2,1,76.0,0
20,5.56,5.9,35.2,5,0,0,0,95.4,0
12,0.31,38.3,34.0,4,1,1,1,100.0,0
14,5.5,71.6,38.5,4,0,1,0,100.0,0
10,2.23,63.2,9.1,4,0,0,0,100.0,0
3,6.05,146.9,79.8,1,1,0,1,42.6,1
21,6.23,194.0,11.1,0,0,0,0,75.4,0
18,5.88,87.7,99.2,1,1,2,0,94.8,0
23,0.49,13.7,8.8,3,0,3,1,14.5,1
20,5.72,55.7,4.7,3,0,1,0,83.4,0
6,7.92,260.3,14.5,2,1,0,1,97.8,0
6,2.17,246.8,0.0,2,0,0,0,99.1,0
5,2.41,80.5,17.2,1,1,0,1,100.0,0
22,6.56,30.5,38.3,1,0,1,1,52.5,1
13,1.54,24.5,1.0,0,0,1,0,74.7,0
10,5.39,13.4,37.4,4,0,0,0,100.0,0
23,6.11,5.6,16.9,4,1,0,0,92.4,0
14,0.59,71.4,9.2,6,0,0,0,100.0,0
21,4.56,82.8,53.4,8,0,1,0,73.9,0
23,4.73,50.7,0.6,5,0,1,0,73.2,0
1,2.64,196.4,19.4,5,1,1,1,68.0,0
8,7.05,145.4,12.7,1,0,2,0,79.5,0
17,1.55,123.5,19.9,5,1,1,0,100.0,0
19,3.1,100.8,41.4,1,0,1,1,67.0,1
3,6.83,76.6,26.2,1,1,1,1,46.5,1
7,1.77,12.7,4.6,2,1,2,0,95.5,0
13,6.62,27.0,4.8,3,1,1,0,100.0,0
19,0.91,83.4,22.0,4,1,0,1,81.1,0
2,4.07,67.4,19.7,2,0,0,0,60.9,1
14,0.88,34.6,4.5,2,0,0,1,100.0,0
7,5.52,2.6,51.5,2,0,0,0,95.3,0
5,6.39,27.4,44.9,0,1,2,0,76.0,0
12,6.84,123.4,0.2,1,1,0,1,93.7,0
9,7.86,42.2,4.5,6,1,1,0,100.0,0
15,5.47,27.0,8.5,0,0,1,0,80.4,0
7,6.22,145.5,12.4,1,0,2,0,63.4,1
19,4.19,108.4,8.1,3,1,2,0,73.4,0
1,7.33,44.8,5.2,2,1,1,0,58.1,1
20,5.26,7.9,3.4,5,0,1,0,100.0,0
0,7.1,61.4,19.8,1,0,0,0,73.5,0
17,2.11,124.5,28.0,2,1,1,0,100.0,0
8,4.12,36.1,17.6,4,1,0,0,100.0,0
9,5.92,14.0,4.0,4,1,1,0,100.0,0
0,1.86,117.3,23.7,1,1,0,0,80.2,0
16,1.93,66.5,0.4,3,0,2,1,83.8,0
3,7.83,89.3,84.5,0,0,3,0,28.2,1
15,3.65,55.7,36.8,1,1,2,0,100.0,0
17,1.7,64.8,5.5,8,0,1,0,100.0,0
20,2.85,6.6,1.4,1,1,1,1,89.7,0
16,3.36,136.2,8.1,4,1,2,0,100.0,0
7,5.1,41.8,19.6,3,1,0,1,100.0,0
17,7.41,25.4,23.8,2,1,0,0,100.0,0
19,7.9,20.8,5.8,3,0,0,0,100.0,0
7,5.32,92.5,17.9,4,1,4,0,71.4,0
2,5.69,35.1,1.7,1,1,0,0,73.4,0
21,2.78,61.3,29.7,4,0,0,1,90.1,0
3,6.9,24.1,15.5,2,1,0,0,72.7,0
14,1.98,37.6,14.7,0,1,2,0,94.6,0
5,1.12,19.4,11.0,3,1,1,1,100.0,0
3,7.79,91.7,34.6,3,1,1,0,82.0,0
18,6.95,145.5,45.3,2,1,0,0,88.3,0
3,2.64,6.9,3.0,3,0,2,0,54.6,1
16,5.5,53.1,8.3,3,1,1,0,100.0,0
16,3.9,46.6,0.3,6,1,3,1,88.7,0
1,2.79,38.6,7.3,1,0,1,0,59.5,1
4,2.51,146.9,5.8,2,1,1,0,54.2,1
19,1.35,109.3,1.5,2,1,0,1,100.0,0
12,4.53,35.7,1.6,1,1,1,0,100.0,0
2,3.74,43.9,25.7,0,1,2,0,48.3,1
23,4.24,7.4,9.5,1,0,0,1,73.2,0
6,1.96,1.7,23.9,6,1,0,0,100.0,0
0,7.53,69.9,10.3,0,1,1,0,53.0,1
22,5.22,18.0,11.4,0,0,0,0,51.5,1
0,7.23,29.5,17.0,2,0,2,0,45.7,1
13,1.14,126.3,1.6,1,0,0,0,100.0,0
23,5.1,28.0,24.2,2,1,0,0,77.8,0
13,6.84,150.8,1.9,4,1,0,1,100.0,0
14,2.85,58.3,2.4,6,1,3,0,97.9,0
9,1.8,68.2,2.2,0,1,1,0,100.0,0
3,2.34,30.5,18.2,3,1,1,0,82.3,0
13,2.4,124.0,5.4,1,0,1,1,93.6,0
21,3.74,1.8,15.6,2,0,1,0,95.7,0
2,2.81,115.1,13.5,1,0,1,1,39.2,1
21,2.39,46.0,10.7,6,1,1,0,95.0,0
9,5.29,68.5,3.4,2,0,1,0,100.0,0
12,0.71,218.9,0.6,1,1,1,1,86.5,0
3,2.92,67.6,10.7,0,0,2,0,40.5,1
14,5.61,62.8,25.6,2,0,2,0,90.2,0
4,1.65,26.8,7.1,3,0,2,0,65.8,1
6,2.0,10.6,8.1,6,1,1,0,100.0,0
17,1.85,22.5,10.7,3,0,3,0,74.3,0
1,0.31,153.5,11.5,3,0,1,0,56.2,1
10,3.95,256.3,5.1,2,0,0,0,97.4,0
14,0.6,38.3,11.4,7,0,1,0,100.0,0
3,2.4,18.0,39.5,2,1,0,1,75.6,0
7,7.96,37.7,3.5,1,0,1,0,91.8,0
8,7.37,180.4,15.6,1,1,2,0,70.8,0
15,1.96,4.2,38.5,2,1,2,0,92.9,0
23,2.69,5.4,67.6,4,0,0,0,68.3,0
20,3.87,37.6,21.1,2,1,1,1,94.0,0
4,6.8,112.9,10.6,3,1,0,0,79.3,0
0,6.48,199.4,1.2,2,1,1,1,48.8,1
1,1.27,93.4,0.1,3,0,2,0,57.3,1
14,1.26,32.8,5.2,3,0,1,0,100.0,0
3,3.51,20.7,9.1,1,0,1,0,64.7,1
5,7.0,58.4,53.4,3,0,2,0,77.4,0
20,7.09,36.1,13.4,2,1,0,0,100.0,0
20,1.13,32.4,16.0,6,1,2,0,90.7,0
20,4.72,171.8,18.4,4,1,0,1,100.0,0
6,1.5,19.3,4.4,1,1,2,0,94.9,0
14,5.58,136.7,1.7,3,0,0,1,82.5,0
14,7.36,56.8,5.9,1,1,0,0,99.9,0
4,3.8,20.0,47.0,2,1,2,0,59.8,1
13,0.94,45.6,2.3,3,0,2,1,80.1,0
12,4.76,37.7,6.3,3,0,1,0,100.0,0
9,3.45,10.4,7.5,4,0,0,0,100.0,0
18,6.54,5.1,21.1,2,1,1,0,100.0,0
16,2.92,30.3,16.5,2,0,2,0,74.0,0
12,7.04,138.9,21.1,2,1,0,0,93.3,0
17,2.41,39.2,20.1,1,1,1,0,100.0,0
18,1.51,0.5,20.0,3,0,1,1,99.1,0
13,2.66,34.3,2.6,4,0,2,0,89.4,0
6,0.57,6.1,77.0,4,0,5,0,56.8,1
18,2.47,49.4,27.0,3,0,1,0,98.0,0
17,5.38,3.1,7.0,3,0,3,0,65.4,1
23,1.4,22.3,29.8,2,1,1,0,67.7,0
3,1.16,159.4,46.4,1,0,0,0,50.7,1
10,1.32,104.5,52.5,1,0,1,0,75.7,0
22,0.9,84.5,40.5,2,1,2,0,56.6,1
12,7.03,171.8,12.9,3,1,3,0,79.3,0
22,7.57,41.4,6.4,1,0,0,1,58.7,1
0,0.66,5.6,6.7,4,1,1,0,78.3,0
0,6.15,61.9,56.9,2,0,1,0,39.7,1
19,5.98,194.2,38.7,0,0,2,0,37.9,1
8,7.98,30.0,12.0,3,0,0,0,90.9,0
12,2.98,86.4,10.0,0,1,1,0,97.3,0
10,2.5,24.3,9.6,2,0,1,0,99.3,0
9,3.79,22.0,19.3,2,0,0,0,100.0,0
22,6.9,117.3,54.8,3,1,0,0,69.4,0
2,5.91,71.2,6.4,0,1,0,0,57.1,1
18,3.93,320.0,26.0,2,0,0,0,93.4,0
21,2.18,28.8,15.9,0,1,0,0,92.5,0
15,5.9,5.8,15.5,2,1,0,0,100.0,0
9,6.88,187.9,52.2,4,1,2,0,91.0,0
3,3.38,70.7,42.7,2,1,1,1,63.3,1
16,5.45,128.4,24.1,3,0,0,0,88.3,0
11,3.38,59.8,9.8,0,1,0,1,99.5,0
3,3.98,131.6,15.3,1,0,1,0,56.2,1
8,4.34,45.8,0.4,3,0,3,0,77.1,0
23,6.27,12.9,23.1,2,0,0,0,60.1,1
6,7.83,43.0,43.3,3,0,1,1,64.1,1
4,3.72,14.3,11.5,2,1,1,0,55.3,1
16,2.94,45.4,33.8,1,1,0,0,77.1,0
4,3.18,4.5,2.3,2,0,1,0,70.4,0
22,1.33,112.0,24.5,1,0,0,0,49.4,1
20,2.59,52.2,4.2,5,0,1,0,77.5,0
23,0.97,58.7,0.9,4,0,0,0,78.1,0
21,3.59,29.2,8.6,2,1,0,0,100.0,0
5,1.59,39.6,13.7,3,0,1,0,91.7,0
5,2.97,186.7,13.1,3,0,2,0,84.8,0
8,6.41,31.7,50.8,0,0,3,0,70.1,0
11,2.19,61.8,11.8,1,0,1,0,100.0,0
21,5.01,73.0,3.6,4,1,2,1,95.2,0
17,7.24,131.8,6.5,3,0,1,0,87.1,0
15,4.67,37.5,16.1,0,1,0,0,95.5,0
21,1.79,49.0,19.0,3,1,1,0,100.0,0
15,2.95,60.2,2.9,1,0,0,0,93.4,0
9,4.85,14.1,16.0,4,1,0,0,100.0,0
9,4.2,129.2,9.2,1,1,1,0,90.9,0
12,1.44,27.9,4.5,2,1,0,0,100.0,0
2,3.74,2.2,21.2,5,1,2,1,66.7,1
17,4.48,16.6,9.7,2,1,0,0,99.2,0
15,2.36,45.3,21.3,3,0,0,1,97.0,0
17,5.02,35.6,55.1,3,1,0,0,100.0,0
12,0.84,62.3,6.8,2,0,0,0,87.4,0
18,2.89,31.9,0.4,5,0,0,0,100.0,0
22,6.49,55.6,47.0,0,1,2,0,44.2,1
13,2.3,116.8,19.9,4,0,1,0,74.9,0
10,4.96,12.2,6.2,1,1,0,0,100.0,0
2,3.46,105.0,3.3,1,0,1,0,59.8,1
18,2.74,34.9,20.9,4,0,1,1,94.5,0
21,7.35,204.6,4.2,3,0,1,0,67.8,0
16,2.94,49.7,10.4,0,0,0,0,91.8,0
20,2.12,8.9,10.7,3,0,0,1,95.8,0
20,7.3,106.8,62.4,4,1,0,1,100.0,0
19,6.04,57.9,9.4,3,0,0,0,98.1,0
12,5.55,97.7,17.7,1,1,0,0,100.0,0
2,0.68,6.5,22.2,5,0,1,0,62.4,1
0,1.31,4.4,32.0,4,0,1,1,76.6,0
4,5.22,8.4,8.8,0,0,2,0,39.3,1
10,1.91,19.1,2.7,1,0,0,0,88.1,0
17,2.04,56.5,7.1,2,1,2,0,88.8,0
10,6.3,20.0,55.9,0,1,1,0,75.2,0
0,2.5,85.4,3.2,4,0,0,0,80.6,0
5,0.85,5.7,30.8,2,0,2,0,80.5,0
23,0.58,7.4,0.5,3,1,0,1,73.6,0
23,3.71,292.3,81.5,3,0,2,0,28.6,1
9,5.05,120.2,15.8,1,0,0,1,80.8,0
19,6.99,24.6,23.6,0,1,1,0,86.8,0
17,1.15,9.1,6.6,2,1,2,1,88.7,0
22,1.81,54.0,64.3,2,0,1,0,50.9,1
21,4.38,6.5,1.5,3,1,0,0,100.0,0
15,3.1,3.5,1.5,8,0,3,0,94.5,0
9,4.02,36.7,64.4,3,1,1,0,97.3,0
15,7.42,67.6,1.0,5,0,2,1,97.1,0
7,4.5,16.1,0.4,1,1,0,1,100.0,0
8,3.5,24.4,7.1,1,0,0,0,89.8,0
14,7.92,223.1,13.3,3,1,1,0,85.6,0
13,0.8,73.1,14.2,3,1,1,0,100.0,0
13,7.48,199.0,56.8,4,0,1,0,90.4,0
9,4.16,77.2,1.0,2,0,0,0,100.0,0
9,4.18,47.7,51.2,1,0,0,0,99.8,0
0,7.4,13.2,16.3,0,1,0,0,54.5,1
14,4.21,1.5,5.7,6,1,1,0,100.0,0
13,3.68,40.5,66.4,3,1,0,0,100.0,0
22,2.4,160.9,45.1,1,1,1,0,56.5,1
12,5.37,12.0,7.3,4,1,1,1,100.0,0
11,4.69,10.6,3.3,4,1,2,0,100.0,0
1,1.95,87.5,13.0,2,0,0,0,71.5,0
4,5.76,6.1,14.2,3,1,0,1,70.8,0
8,5.26,13.5,22.9,0,1,0,0,99.1,0
9,3.36,117.7,1.7,4,0,2,0,79.2,0
8,0.33,12.8,1.9,5,0,5,0,82.1,0
9,3.74,107.3,29.5,1,0,1,0,90.7,0
18,0.35,68.2,74.3,3,1,0,1,100.0,0
3,0.88,173.2,10.5,1,0,0,0,59.3,1
7,3.62,67.9,49.9,4,1,1,0,100.0,0
3,0.93,6.6,0.9,3,0,1,0,63.0,1
7,2.42,230.6,18.8,4,0,1,0,79.0,0
16,5.35,6.8,6.5,2,0,2,0,92.0,0
1,2.68,33.5,40.5,2,0,0,0,60.3,1
8,7.98,77.8,30.6,3,1,0,0,100.0,0
0,7.36,26.5,8.0,4,1,0,0,79.2,0
22,4.81,16.3,8.1,1,1,0,0,70.0,0
17,7.75,65.5,23.6,2,1,0,0,100.0,0
5,6.98,9.1,4.0,5,1,1,1,100.0,0
4,2.76,4.7,9.5,4,0,0,1,74.8,0
2,6.07,31.4,54.8,3,0,2,1,34.4,1
11,1.35,212.2,64.3,2,0,1,0,74.9,0
18,5.57,65.1,23.4,0,0,2,1,72.4,0
14,4.08,12.2,22.7,1,0,2,0,95.8,0
21,0.43,138.7,10.3,2,0,1,0,92.4,0
8,2.41,5.7,22.8,3,1,0,0,100.0,0
6,7.66,185.9,0.4,1,0,1,1,77.2,0
11,2.73,58.3,5.5,2,0,0,1,100.0,0
4,1.7,5.0,83.6,1,0,0,0,72.7,0
23,1.74,81.9,0.5,2,0,1,0,57.5,1
4,3.99,50.4,11.0,0,0,0,0,57.2,1
11,6.79,46.0,18.7,3,0,0,1,82.7,0
12,6.14,48.1,10.6,3,1,1,0,100.0,0
1,3.66,38.9,1.1,1,1,1,0,61.5,1
11,1.91,32.3,16.5,2,1,2,0,95.4,0
10,0.65,159.7,83.4,2,0,0,0,86.5,0
6,3.86,25.5,15.6,2,1,0,0,95.2,0
3,6.57,96.3,24.0,3,0,0,1,52.8,1
1,5.92,131.5,6.8,1,1,1,0,40.3,1
0,3.45,139.9,18.5,1,0,1,0,44.9,1
11,4.88,55.2,92.5,2,0,0,1,100.0,0
2,3.66,49.2,79.9,4,0,2,0,58.4,1
23,4.76,31.5,14.7,4,1,1,0,67.4,0
5,4.28,11.1,19.3,3,0,1,0,98.0,0
15,5.54,80.9,16.3,0,1,0,0,98.7,0
16,4.21,68.7,13.1,1,0,1,0,93.4,0
11,7.54,25.8,3.2,1,0,1,1,69.7,0
21,3.6,3.9,3.3,0,0,0,0,67.5,0
2,0.42,5.9,54.2,3,0,1,0,65.8,1
5,2.12,36.9,24.0,2,1,0,0,100.0,0
6,4.15,40.8,0.4,2,0,0,1,86.9,0
3,4.46,56.0,16.0,1,0,0,1,48.7,1
7,4.55,16.8,7.8,1,0,0,0,100.0,0
7,5.8,109.1,22.3,2,0,0,1,85.7,0
18,2.41,36.4,30.7,0,0,1,0,79.6,0
7,5.42,33.9,25.6,5,1,0,1,100.0,0
21,5.72,56.8,7.8,3,1,1,0,97.1,0
18,3.47,60.3,26.9,4,0,4,1,81.9,0
21,3.4,100.2,74.6,2,0,1,0,98.6,0
2,1.68,4.7,68.3,0,0,1,1,52.0,1
23,3.49,66.6,3.7,1,1,1,0,81.6,0
14,6.36,50.1,34.5,1,0,1,1,84.4,0
23,7.3,149.7,15.3,1,0,2,1,30.1,1
8,4.87,31.3,0.0,2,1,0,0,100.0,0
22,2.61,65.3,19.0,1,0,3,0,23.7,1
14,5.55,133.4,22.3,2,0,1,1,64.5,1
1,6.0,137.1,16.4,1,0,0,0,53.8,1
9,2.86,39.0,43.5,2,1,1,1,91.9,0
3,6.66,5.4,1.1,2,0,0,0,80.3,0
22,0.87,46.7,10.5,2,1,1,0,69.6,0
7,0.38,47.2,7.7,3,0,0,1,100.0,0
5,1.25,145.0,2.7,0,0,2,0,90.0,0
13,1.5,55.0,2.0,3,0,1,1,100.0,0
10,7.07,39.4,1.7,2,0,0,0,99.7,0
2,3.57,111.7,51.8,2,0,2,0,43.3,1
19,2.42,98.4,19.9,1,1,0,0,92.2,0
20,3.6,88.4,4.8,1,0,1,1,80.2,0
17,3.34,1.5,6.8,4,0,0,1,100.0,0
14,2.62,11.9,23.8,4,1,2,1,100.0,0
9,1.36,27.7,97.5,4,1,0,0,100.0,0
13,5.35,26.4,5.2,3,0,1,0,97.2,0
12,1.35,210.3,25.0,4,1,0,0,100.0,0
3,6.27,152.4,3.5,3,1,1,0,71.2,0
1,1.85,23.9,0.2,7,0,1,0,68.9,0
6,5.93,4.5,14.3,3,0,0,0,96.0,0
10,6.5,153.6,4.6,1,1,0,0,100.0,0
3,1.27,6.1,30.6,4,0,2,0,66.6,1
2,0.97,20.9,0.9,1,1,1,0,73.0,0
20,7.61,32.5,19.1,4,1,2,1,69.6,0
8,3.87,5.9,48.0,5,1,0,1,100.0,0
14,5.15,44.7,2.8,3,1,0,0,100.0,0
12,0.48,78.0,7.7,4,1,0,0,100.0,0
17,2.45,42.6,21.6,4,1,1,1,96.1,0
17,4.19,52.1,9.1,3,0,1,1,90.2,0
7,7.12,97.2,46.7,2,1,0,0,100.0,0
20,2.39,111.9,2.1,2,1,0,0,88.8,0
8,6.27,0.1,12.1,4,1,0,1,100.0,0
20,5.4,84.4,1.0,0,0,1,0,69.3,0
9,1.19,33.8,24.6,2,1,0,0,100.0,0
2,2.56,148.7,9.0,2,0,0,0,64.3,1
18,2.13,39.5,31.9,2,0,1,0,91.5,0
0,3.71,14.8,14.4,2,1,0,0,70.0,0
18,5.19,42.3,14.2,4,1,0,0,100.0,0
1,3.64,232.3,7.7,1,0,0,0,66.1,1
4,2.18,66.0,6.0,3,0,2,1,48.3,1
14,5.66,126.8,2.0,1,0,0,0,78.0,0
22,4.8,19.1,9.2,3,1,1,0,92.2,0
9,4.3,29.3,5.5,3,1,2,0,90.6,0
2,4.57,51.5,39.2,2,1,0,0,72.9,0
5,2.01,126.0,44.0,1,1,1,0,98.7,0
21,5.54,24.6,35.1,2,0,2,0,71.3,0
17,3.28,38.7,19.4,1,1,0,0,98.8,0
2,3.1,0.5,22.1,2,1,1,0,63.3,1
9,1.45,18.9,17.9,1,1,0,0,100.0,0
6,4.9,196.7,8.9,3,0,1,0,85.8,0
4,4.94,66.6,3.9,5,0,1,0,55.7,1
20,2.92,200.1,33.6,1,1,1,0,70.4,0
14,6.92,105.6,24.8,1,1,2,0,96.7,0
4,6.81,140.6,6.9,2,1,2,1,43.0,1
15,1.14,16.9,9.6,0,1,0,1,100.0,0
9,5.65,345.5,40.7,2,0,2,0,64.0,1
1,3.33,37.0,7.7,0,0,1,0,57.6,1
10,8.0,67.7,12.5,1,0,0,0,88.6,0
4,2.03,110.0,18.0,2,0,1,0,62.7,1
5,2.46,78.3,12.2,1,0,1,0,97.3,0
21,3.7,6.6,10.9,3,0,0,1,86.5,0
17,2.37,48.6,18.0,1,1,1,1,94.7,0
3,5.63,185.0,28.2,3,0,5,1,21.1,1
20,4.0,182.0,20.7,3,0,1,0,80.0,0
13,2.0,72.9,53.7,2,1,2,1,100.0,0
20,4.2,39.1,89.3,2,1,1,1,71.9,0
17,7.14,52.8,0.7,2,0,1,1,72.8,0
8,6.4,20.0,23.6,5,0,0,0,100.0,0
12,4.14,15.5,6.6,1,1,1,0,94.5,0
12,2.52,104.7,14.9,5,1,3,1,94.4,0
17,1.69,17.9,3.1,4,0,1,1,83.6,0
5,7.06,59.2,10.6,1,0,1,0,88.5,0
7,5.77,216.7,7.7,5,0,1,0,95.2,0
5,4.71,65.1,20.3,2,0,1,0,100.0,0
7,7.07,73.4,32.4,1,0,1,1,64.2,1
3,1.24,61.3,0.8,2,1,1,1,72.8,0
0,5.56,169.8,0.5,2,1,0,0,58.8,1
22,1.97,63.2,36.1,3,1,0,1,83.1,0
1,1.23,12.8,9.3,0,0,1,0,54.9,1
21,3.89,50.1,17.9,2,0,1,0,83.9,0
0,3.28,19.0,5.8,2,0,0,0,77.2,0
18,7.55,49.0,16.3,3,0,0,0,100.0,0
7,2.79,14.6,7.8,1,0,0,0,100.0,0
12,6.57,60.8,8.6,2,1,1,0,100.0,0
6,6.07,27.0,6.5,1,1,0,1,100.0,0
11,5.44,81.7,24.8,3,0,1,1,85.6,0
10,7.39,42.5,2.3,1,0,1,0,100.0,0
12,3.44,15.7,38.5,1,0,1,0,90.1,0
9,3.3,32.8,8.9,2,1,2,0,100.0,0
12,1.54,63.6,6.0,3,0,0,0,99.0,0
19,2.42,19.3,25.3,4,0,0,0,85.1,0
10,7.07,6.3,80.2,1,1,0,1,90.7,0
8,3.95,116.1,0.4,3,0,0,0,100.0,0
3,2.93,20.4,37.7,2,0,0,1,70.2,0
8,1.96,53.7,36.0,4,0,0,0,100.0,0
3,4.03,28.7,18.7,4,0,0,0,74.9,0
4,5.82,18.1,41.6,3,0,0,0,62.5,1
22,2.51,126.4,20.7,0,0,0,1,49.6,1
2,6.13,272.4,58.3,1,0,0,0,65.2,1
11,5.15,16.1,6.2,1,0,1,0,81.7,0
20,6.36,72.1,31.4,1,1,0,1,80.4,0
22,2.23,42.6,22.0,1,0,1,0,61.8,1
3,5.16,152.7,93.2,1,0,0,0,58.6,1
3,1.48,54.0,3.2,1,0,1,0,56.2,1
8,3.1,9.5,11.1,0,0,1,0,84.3,0
13,5.88,150.2,21.6,2,1,2,1,92.1,0
23,5.16,251.9,13.4,2,0,0,0,56.1,1
4,1.75,64.7,1.2,2,1,0,1,74.6,0
3,6.91,10.6,8.1,2,1,0,1,64.2,1
6,0.71,145.2,13.4,3,1,2,1,94.2,0
20,4.88,32.3,7.4,2,0,1,1,92.5,0
0,7.88,18.7,16.2,4,1,1,0,70.6,0
9,4.39,71.1,21.7,6,1,1,0,100.0,0
2,6.47,199.6,15.0,3,0,2,0,50.7,1
3,4.88,101.2,10.0,2,0,2,0,57.4,1
22,6.33,96.3,12.3,3,1,1,0,62.1,1
0,5.35,9.0,38.7,3,1,0,1,84.8,0
7,5.62,106.8,42.3,4,0,0,0,92.5,0
21,2.05,82.6,4.6,4,1,0,0,100.0,0
14,6.01,52.2,24.6,3,1,0,0,100.0,0
1,2.13,49.7,0.7,1,0,1,0,59.5,1
11,7.85,2.5,22.2,1,0,0,0,100.0,0
23,2.05,5.7,6.7,2,1,1,1,56.9,1
9,2.12,69.0,10.9,4,0,2,1,94.9,0
12,6.91,162.4,0.3,3,0,0,0,87.1,0
12,2.17,76.3,6.7,2,0,2,0,86.5,0
15,3.08,57.6,11.2,4,0,1,0,96.9,0
4,5.8,14.8,0.9,2,0,2,0,53.1,1
20,1.52,74.5,13.3,2,1,2,1,55.7,1
23,1.52,0.6,19.8,5,1,1,0,93.8,0
3,4.04,141.2,7.3,3,1,0,1,100.0,0
19,2.18,50.2,2.8,3,0,2,0,72.8,0
19,2.11,32.8,2.6,1,0,1,0,86.2,0
17,0.37,101.5,6.9,4,0,1,0,100.0,0
8,3.15,29.7,20.7,3,1,2,0,97.9,0
11,2.75,104.3,22.5,6,0,0,1,100.0,0
20,0.54,39.1,57.0,1,0,1,0,77.7,0
3,5.08,173.0,29.4,3,1,1,1,56.8,1
19,5.13,44.9,6.2,1,0,3,0,57.8,1
22,0.85,22.7,37.1,3,1,1,0,75.4,0
16,2.74,59.2,5.0,1,0,0,0,100.0,0
8,7.02,59.8,22.0,1,0,2,0,59.1,1
13,4.78,148.4,13.7,3,0,0,0,87.4,0
1,3.47,22.3,6.9,4,0,1,1,77.6,0
22,3.88,117.3,47.5,2,1,0,0,70.7,0
8,1.9,39.8,6.0,1,0,2,0,89.0,0
1,6.55,73.0,7.3,0,1,1,1,63.8,1
19,7.34,104.2,18.7,1,0,0,1,100.0,0
15,7.31,11.3,46.8,3,0,1,0,93.6,0
14,2.02,28.7,20.7,2,1,0,0,100.0,0
1,2.69,33.8,0.1,1,0,0,1,50.2,1
18,1.54,8.5,2.4,3,1,1,0,100.0,0
15,2.67,22.4,51.7,1,0,0,0,91.2,0
19,2.86,10.9,8.8,3,1,2,0,78.8,0
19,5.17,119.8,0.9,2,0,1,1,63.3,1
5,1.76,55.9,4.3,1,1,1,0,95.9,0
5,7.38,28.8,5.0,2,1,0,0,96.0,0
22,1.09,176.3,12.7,3,0,0,0,80.0,0
12,0.35,14.5,7.8,4,1,1,0,100.0,0
10,6.88,25.9,46.4,2,0,0,0,100.0,0
6,5.72,125.7,74.3,2,0,0,0,94.9,0
15,3.04,6.5,13.6,1,1,0,0,100.0,0
18,4.89,120.2,6.3,2,1,0,1,89.1,0
0,2.02,21.8,0.7,4,0,0,0,70.6,0
13,1.6,20.2,2.2,1,0,3,0,63.1,1
23,3.93,23.2,15.5,0,1,0,0,69.8,0
6,3.02,17.2,20.6,6,1,0,0,100.0,0
6,5.04,28.2,0.4,3,0,1,0,90.6,0
21,1.98,53.5,29.4,6,0,2,0,77.1,0
1,5.4,24.9,12.0,5,0,0,0,73.6,0
9,6.2,114.3,63.6,0,1,1,0,62.8,1
10,1.58,18.0,16.4,3,1,1,0,100.0,0
19,0.64,33.7,40.7,0,0,0,1,84.6,0
3,3.68,3.7,11.2,2,1,1,0,75.8,0
10,6.26,71.9,25.2,2,0,1,0,78.9,0
3,5.31,46.3,5.3,1,1,0,1,61.5,1
18,5.7,85.5,53.5,3,0,0,0,88.5,0
15,3.4,9.4,0.1,3,0,1,1,90.8,0
11,2.11,6.5,8.9,3,0,0,0,100.0,0
9,4.39,95.2,2.6,3,1,0,0,98.9,0
3,1.87,28.0,27.6,2,1,1,0,57.2,1
22,5.89,163.0,6.0,1,0,2,0,41.4,1
15,1.82,82.1,1.3,1,0,1,0,86.1,0
7,2.54,9.6,13.9,2,0,1,0,92.7,0
9,4.2,7.9,15.0,4,0,1,1,100.0,0
17,4.05,79.9,14.3,1,1,0,0,100.0,0
17,4.93,88.5,3.8,4,1,0,0,100.0,0
11,3.67,75.9,22.4,0,0,0,0,100.0,0
7,7.38,72.7,19.5,3,0,0,0,100.0,0
15,6.77,146.5,41.1,4,0,1,0,74.3,0
15,7.07,128.5,35.3,2,0,0,0,88.2,0
14,5.15,37.7,63.9,1,1,0,0,97.5,0
1,5.19,86.6,30.1,4,0,2,0,54.5,1
11,4.99,47.8,7.9,0,1,0,0,100.0,0
14,3.65,8.4,11.5,1,0,2,0,76.6,0
22,2.78,149.4,1.7,3,1,1,0,65.1,1
12,4.86,8.8,57.0,1,1,0,1,92.9,0
8,0.5,99.6,8.1,2,0,1,1,94.3,0
13,0.36,7.7,45.7,1,0,1,0,94.1,0
4,6.86,15.8,40.7,2,0,1,0,47.9,1
2,0.66,99.0,13.2,1,0,0,1,72.5,0
16,4.34,22.2,16.7,0,0,0,1,82.2,0
23,5.04,35.0,11.1,4,0,0,1,72.1,0
20,1.83,51.8,0.6,2,0,1,0,78.1,0
14,7.2,233.2,35.5,3,1,0,0,80.9,0
0,1.76,10.2,16.9,1,1,1,0,69.5,0
23,7.11,14.1,11.1,1,1,2,1,48.3,1
10,6.18,44.9,4.9,2,0,0,0,98.1,0
6,2.15,14.9,6.6,0,1,4,0,94.1,0
21,1.46,24.6,3.2,0,1,0,1,84.5,0
17,2.73,4.9,37.0,1,1,1,0,100.0,0
17,3.36,11.0,0.5,1,1,0,0,100.0,0
6,2.19,65.8,1.4,2,0,2,0,90.8,0
23,7.99,81.7,3.3,0,1,0,0,71.1,0
10,2.07,27.4,14.2,4,0,0,0,100.0,0
12,6.7,30.7,14.2,2,0,0,0,100.0,0
18,1.53,2.8,14.7,6,0,2,0,99.8,0
15,7.85,108.8,1.0,3,1,1,0,100.0,0
4,2.04,91.6,9.9,3,0,1,1,70.7,0
7,3.55,153.4,61.2,1,0,1,1,78.5,0
8,4.6,84.5,7.7,3,1,1,0,92.5,0
22,1.23,9.7,16.1,4,1,3,0,55.3,1
17,6.59,139.2,12.7,2,1,0,0,100.0,0
8,2.42,56.7,39.7,5,0,0,1,100.0,0
17,4.53,163.6,23.7,0,1,1,1,88.9,0
17,4.53,37.1,5.7,0,0,1,0,94.4,0
9,4.94,8.4,11.1,3,0,1,0,100.0,0
9,0.73,37.4,0.0,1,1,0,0,100.0,0
21,1.6,61.6,7.3,2,1,2,1,84.6,0
13,1.54,36.9,44.4,3,0,1,0,96.5,0
3,2.63,35.2,34.8,2,1,0,0,85.7,0
17,1.42,94.1,5.0,1,1,1,0,92.0,0
14,7.4,203.1,0.0,3,0,2,0,72.1,0
12,4.25,39.0,10.7,3,1,0,0,100.0,0
17,5.1,165.1,1.8,2,1,0,0,92.9,0
21,3.05,62.7,32.3,3,0,3,0,70.4,0
7,2.43,66.8,5.2,0,0,2,0,83.7,0
10,4.17,14.5,11.7,2,1,0,0,100.0,0
4,2.57,40.5,5.0,2,0,0,0,76.9,0
15,2.95,21.4,15.7,1,0,0,0,96.2,0
9,3.79,30.6,32.1,1,1,0,0,100.0,0
8,4.19,3.5,7.9,3,0,0,0,97.9,0
16,7.88,40.4,4.7,6,0,1,0,92.5,0
9,2.02,28.7,2.1,3,0,0,0,100.0,0
11,4.06,35.1,5.0,3,1,1,0,100.0,0
10,1.45,13.7,54.0,4,1,0,0,100.0,0
6,2.99,2.6,2.0,2,0,1,0,100.0,0
3,5.82,54.6,9.0,3,0,0,0,68.3,0
19,1.64,5.5,0.3,2,0,0,0,93.0,0
2,4.78,8.7,26.4,4,0,0,1,67.3,1
7,3.51,28.6,4.0,2,0,0,1,100.0,0
16,0.7,47.6,30.9,0,1,2,1,93.7,0
3,7.48,14.0,15.2,2,0,0,0,62.8,1
15,3.48,5.4,21.3,1,0,0,0,90.4,0
17,6.34,36.8,28.5,1,1,2,0,85.7,0
15,3.51,152.3,21.9,2,1,1,0,98.0,0
7,7.52,50.6,40.6,0,1,1,1,95.3,0
0,2.54,38.4,6.0,3,1,1,1,66.3,1
21,3.47,13.0,50.2,1,1,2,1,64.8,1
7,6.14,59.3,29.4,1,1,0,0,100.0,0
19,2.95,4.4,6.4,3,0,1,0,93.5,0
4,3.11,105.1,23.1,2,0,2,1,42.4,1
3,7.96,208.7,29.2,4,1,1,0,62.7,1
18,4.58,108.7,14.0,1,0,0,0,93.4,0
22,5.61,0.5,13.2,1,1,0,0,81.9,0
20,5.25,47.5,7.0,2,0,0,0,82.9,0
18,6.68,113.8,0.9,0,0,0,0,85.9,0
5,6.94,107.4,21.7,3,0,2,0,76.1,0
21,4.64,0.5,3.5,4,0,3,0,70.4,0
16,2.57,53.7,57.0,2,0,0,0,86.5,0
4,0.48,142.2,60.7,2,1,1,0,63.7,1
3,5.03,66.2,20.1,0,1,0,1,50.1,1
20,6.66,172.0,24.0,4,1,2,0,75.1,0
6,3.77,76.4,12.1,2,0,3,0,82.8,0
18,1.57,91.1,2.4,0,0,0,1,83.8,0
3,2.52,31.8,47.3,2,0,2,1,48.0,1
6,4.23,193.0,4.2,1,0,1,0,85.9,0
6,6.74,62.4,0.1,0,0,2,0,62.2,1
6,1.62,118.6,52.0,2,0,0,0,100.0,0
16,5.01,1.7,41.1,2,0,0,0,100.0,0
21,6.1,145.7,1.1,3,0,0,1,83.7,0
21,7.51,24.4,32.3,1,0,0,1,72.6,0
17,1.2,7.1,23.5,5,0,1,1,96.5,0
4,7.43,28.3,32.0,2,1,1,0,61.9,1
23,4.93,35.6,6.5,4,0,0,1,91.4,0
13,6.2,38.3,15.7,1,1,0,0,100.0,0
13,0.71,12.6,28.5,5,1,0,0,100.0,0
16,4.2,8.8,5.8,1,0,0,1,100.0,0
18,5.09,45.7,17.2,2,0,1,1,88.2,0
22,2.66,6.9,17.5,3,0,1,0,59.5,1
13,3.62,104.9,31.5,3,1,0,1,99.1,0
14,4.57,89.0,5.5,1,1,1,0,91.0,0
17,4.55,64.9,57.8,2,1,0,0,100.0,0
6,0.62,31.3,0.1,2,1,0,0,100.0,0
7,3.68,2.6,1.1,4,1,1,1,100.0,0
15,1.95,14.9,7.8,4,1,0,0,100.0,0
1,7.36,3.7,8.7,1,1,3,0,50.1,1
7,7.82,20.5,4.4,4,1,1,1,100.0,0
17,2.61,113.2,60.5,1,1,0,1,100.0,0
23,1.65,8.9,2.4,2,0,2,0,65.9,1
12,1.99,148.0,32.3,4,0,1,0,90.3,0
9,3.98,29.5,21.0,1,0,1,0,85.8,0
10,7.03,5.4,3.7,2,1,1,1,90.3,0
16,4.15,5.7,7.5,1,1,0,0,100.0,0
13,0.73,51.3,1.0,1,0,0,1,91.6,0
0,0.61,50.2,4.5,0,0,1,0,68.0,0
12,2.05,29.0,32.0,3,0,0,0,100.0,0
9,6.79,4.3,25.9,3,0,0,0,95.6,0
16,5.09,64.1,1.0,5,0,0,1,100.0,0
21,4.63,33.0,23.8,1,0,2,0,53.1,1
23,2.76,10.0,0.7,1,0,0,1,49.2,1
14,7.46,9.3,2.3,4,1,1,1,100.0,0
8,2.85,24.6,1.3,0,1,0,1,89.4,0
10,6.73,11.0,12.3,4,0,1,0,100.0,0
4,7.2,88.9,1.8,4,1,0,0,81.5,0
22,4.02,47.4,3.2,1,1,0,0,96.5,0
20,7.19,85.1,14.6,4,0,1,1,69.0,0
20,2.43,77.0,26.0,3,0,1,0,94.6,0
7,5.37,154.7,17.9,2,0,0,0,100.0,0
7,0.98,25.5,3.7,2,1,1,0,100.0,0
20,3.95,26.1,134.8,2,0,1,0,58.7,1
13,1.97,34.2,3.4,0,1,1,0,100.0,0
16,0.78,19.2,9.6,4,0,2,0,94.3,0
11,0.33,41.4,4.4,3,1,1,1,91.7,0
10,2.8,65.0,5.4,5,0,1,0,100.0,0
15,4.84,31.6,14.0,0,0,0,0,100.0,0
19,3.81,97.6,53.2,4,1,0,0,89.3,0
8,2.62,21.7,53.4,0,0,0,0,89.5,0
19,7.93,2.8,11.5,1,0,0,0,68.1,0
5,7.53,155.4,5.6,2,1,1,0,100.0,0
9,1.27,101.6,7.7,2,0,0,1,100.0,0
21,3.5,51.7,18.7,1,1,0,1,100.0,0
22,5.3,12.1,1.3,1,0,1,0,47.7,1
22,5.95,14.1,41.5,0,1,1,0,45.0,1
7,3.12,78.8,1.0,3,0,2,1,74.4,0
20,6.05,251.5,21.0,1,0,0,0,65.9,1
22,1.26,71.6,119.4,5,1,0,0,70.4,0
23,2.85,92.7,7.1,4,1,0,1,86.7,0
0,5.82,17.0,29.2,2,0,0,0,81.8,0
17,5.12,80.1,28.3,2,1,2,0,100.0,0
23,6.75,26.6,11.9,4,0,1,0,76.0,0
18,0.66,118.9,1.7,0,0,0,0,100.0,0
5,1.64,64.6,11.6,2,1,0,0,100.0,0
18,0.67,28.3,10.4,4,0,0,1,100.0,0
2,1.78,58.7,12.4,1,0,0,0,59.0,1
11,0.33,22.4,48.0,4,0,0,0,100.0,0
15,4.18,9.2,3.9,3,1,0,0,100.0,0
10,4.37,118.4,24.3,6,0,3,0,92.2,0
16,5.37,59.1,15.2,2,1,1,1,92.6,0
5,3.26,17.1,11.7,1,0,0,0,86.6,0
14,0.32,11.0,71.1,3,1,0,0,100.0,0
15,5.49,47.9,32.4,1,1,0,0,100.0,0
15,0.72,3.3,58.2,1,0,0,1,82.7,0
6,6.97,13.4,43.2,3,1,2,1,92.1,0
7,0.47,25.4,19.9,2,1,1,0,92.9,0
6,4.38,99.1,14.6,1,1,0,0,100.0,0
11,7.19,23.7,56.2,2,0,0,0,79.8,0
14,4.71,100.8,11.5,5,0,0,1,95.0,0
8,4.98,110.5,27.0,2,0,0,0,100.0,0
9,5.55,157.7,25.3,2,1,0,0,100.0,0
6,1.24,29.8,4.6,1,0,0,0,100.0,0
5,5.5,6.8,3.0,1,0,3,1,71.3,0
15,7.08,28.1,7.3,1,1,0,0,100.0,0
19,7.8,51.3,32.1,3,0,1,0,92.3,0
6,3.71,55.9,48.7,1,1,0,0,100.0,0
20,2.95,11.8,0.2,0,1,2,0,64.6,1
13,6.1,27.1,18.4,2,1,1,0,100.0,0
4,4.48,18.4,18.6,3,0,1,0,49.0,1
8,2.28,52.9,44.1,3,1,1,1,93.2,0
0,1.63,20.5,14.4,3,0,1,1,50.2,1
0,1.61,15.1,86.5,4,1,0,1,76.2,0
8,3.84,41.6,15.2,1,1,1,0,82.6,0
10,1.61,20.5,85.4,1,1,4,1,84.0,0
19,0.45,4.1,1.4,4,1,1,0,89.9,0
3,0.7,90.2,12.9,0,1,1,1,31.1,1
20,7.46,10.1,11.1,1,1,1,0,84.0,0
5,0.86,2.2,16.5,3,1,1,0,100.0,0
3,0.86,39.1,23.3,1,0,0,0,73.8,0
16,3.77,14.6,4.3,3,1,0,0,100.0,0
18,2.19,3.4,1.3,2,1,0,0,100.0,0
14,7.71,26.4,3.7,1,0,1,0,100.0,0
2,7.31,21.9,13.3,1,0,0,1,51.5,1
2,3.42,212.9,5.3,3,1,1,0,56.0,1
9,3.76,117.2,37.3,5,0,0,1,100.0,0
10,3.19,58.3,7.2,0,0,0,1,94.1,0
23,0.59,43.4,22.1,1,0,0,0,58.1,1
6,2.55,100.5,32.5,1,0,0,1,99.6,0
4,1.24,85.0,11.4,2,0,3,1,31.5,1
22,1.09,31.9,9.2,3,1,1,1,70.1,0
3,4.62,107.7,0.7,2,0,2,0,25.1,1
0,1.06,61.1,37.2,2,1,1,0,69.3,0
10,1.09,195.1,9.5,0,0,1,1,82.9,0
9,4.0,50.5,13.6,2,1,0,0,100.0,0
14,3.71,103.2,4.5,4,0,1,0,97.0,0
21,1.36,188.1,24.3,2,0,1,0,59.1,1
22,0.33,145.6,7.1,2,0,0,0,53.0,1
6,1.79,95.0,24.4,2,1,2,1,95.6,0
23,2.12,82.8,0.0,5,0,2,0,63.9,1
15,6.46,54.7,16.4,4,0,0,0,100.0,0
1,7.35,53.8,45.2,2,1,2,0,59.9,1
22,3.43,12.7,12.1,3,1,1,0,100.0,0
3,3.42,46.4,28.7,3,0,2,0,36.5,1
14,5.79,38.8,18.9,2,0,2,0,86.0,0
18,5.13,37.9,10.2,3,1,0,0,100.0,0
5,1.72,2.2,18.1,3,1,0,0,93.4,0
6,1.13,24.9,22.2,4,0,0,1,100.0,0
11,3.67,70.1,41.0,2,0,0,0,99.0,0
21,4.65,30.4,10.6,1,1,1,1,77.9,0
5,1.37,47.0,19.0,2,0,1,0,90.9,0
15,2.56,17.6,2.8,2,0,3,0,82.6,0
10,2.66,18.7,16.9,3,1,0,0,100.0,0
2,2.31,5.5,82.8,2,1,4,0,42.7,1
17,3.85,70.8,18.8,3,1,1,1,100.0,0
19,5.33,1.5,2.0,3,0,0,1,94.4,0
13,4.22,14.2,5.0,1,0,0,0,99.1,0
4,1.85,11.4,22.3,1,0,2,1,35.7,1
3,1.09,35.5,7.3,2,0,1,0,52.9,1
10,6.63,15.6,5.2,2,1,0,1,100.0,0
12,3.99,113.4,23.9,5,1,1,0,100.0,0
13,0.78,30.1,24.0,1,1,0,0,100.0,0
5,2.29,27.6,111.4,2,0,1,0,83.2,0
12,6.49,46.1,3.5,2,0,0,0,90.2,0
7,6.09,40.8,14.8,2,0,2,0,88.6,0
16,7.04,6.2,4.3,3,0,1,0,94.6,0
19,4.94,117.5,19.7,0,1,1,1,63.8,1
15,3.56,33.7,12.7,1,0,2,1,82.7,0
0,3.59,106.5,8.9,7,0,1,1,47.7,1
23,1.79,96.6,25.3,3,0,2,0,37.2,1
0,5.31,35.2,28.2,1,0,1,1,49.7,1
23,4.81,54.9,5.5,1,0,0,0,63.3,1
0,1.49,2.8,5.9,5,0,1,1,68.7,0
12,7.12,3.7,4.6,3,0,0,0,100.0,0
2,3.14,13.8,9.2,0,0,0,1,47.0,1
2,0.68,59.7,29.9,2,0,0,0,76.2,0
16,2.82,39.1,3.8,2,1,1,0,100.0,0
17,7.0,113.5,0.4,3,0,2,0,79.0,0
2,7.36,38.5,71.0,0,0,0,0,46.1,1
23,4.08,19.1,10.1,4,0,2,1,54.8,1
7,7.66,57.2,0.1,1,1,0,0,95.6,0
7,7.04,15.6,39.5,3,1,1,1,85.8,0
7,6.65,36.6,2.5,3,1,0,0,100.0,0
11,6.92,103.9,35.8,2,0,1,0,80.5,0
4,3.24,137.2,16.7,3,1,1,0,70.2,0
10,6.12,2.6,19.5,2,0,2,0,80.2,0
5,4.75,62.5,38.4,2,1,1,0,100.0,0
1,5.84,110.7,9.1,2,0,0,0,72.5,0
8,1.67,4.4,0.3,1,0,0,0,90.5,0
16,5.93,35.1,9.2,3,0,2,0,68.9,0
18,7.67,9.8,6.0,1,0,0,0,100.0,0
8,2.63,31.8,17.3,2,1,0,0,100.0,0
7,7.89,157.3,27.3,3,1,1,0,100.0,0
18,3.21,14.9,34.7,1,0,2,1,60.8,1
16,1.84,34.9,22.2,0,0,0,0,94.7,0
19,1.16,93.2,6.9,2,1,1,0,66.6,1
21,6.34,23.6,39.6,3,1,1,0,92.9,0
19,4.57,12.9,49.1,2,0,2,0,70.5,0
22,2.66,62.0,1.1,4,0,1,1,60.6,1
9,4.99,29.8,42.2,4,0,1,0,88.2,0
9,2.86,48.0,20.2,2,1,0,0,100.0,0
7,3.75,42.7,13.0,0,0,0,1,80.9,0
5,6.94,6.2,54.0,1,0,0,1,90.3,0
17,5.44,169.0,3.5,4,0,0,0,93.5,0
17,6.17,34.9,18.0,2,1,1,1,75.7,0
19,4.79,18.6,17.1,1,1,1,1,72.9,0
4,7.93,34.0,1.9,2,1,0,0,81.8,0
11,2.16,18.9,13.9,2,1,1,0,100.0,0
5,2.32,36.6,5.8,1,0,2,0,98.9,0
21,1.01,50.8,5.9,2,0,1,0,74.9,0
6,4.57,5.2,27.1,5,0,1,0,100.0,0
3,5.02,130.9,15.3,2,0,0,0,55.0,1
13,5.89,5.7,12.0,2,1,0,1,100.0,0
21,2.88,9.0,73.4,2,0,1,0,66.0,1
21,0.39,161.5,2.7,1,0,0,0,82.4,0
2,5.17,32.7,1.1,2,0,0,1,50.7,1
7,7.99,176.9,53.8,1,0,0,1,76.3,0
3,2.57,13.8,4.5,0,1,0,0,62.1,1
7,1.72,41.6,21.3,1,0,1,1,90.0,0
12,2.47,27.9,44.5,2,0,3,0,77.1,0
6,3.58,26.7,11.9,6,0,0,0,100.0,0
1,2.23,127.2,8.2,4,1,1,1,81.8,0
12,2.97,13.5,5.4,2,1,1,0,100.0,0
1,5.21,25.2,2.3,1,0,0,0,62.0,1
5,2.96,4.9,4.5,2,1,0,0,100.0,0
0,3.35,97.0,16.4,3,0,0,0,74.9,0
2,0.61,6.2,14.4,0,1,3,0,45.3,1
10,7.37,6.0,9.0,1,1,3,1,62.9,1
20,3.43,13.9,7.8,5,1,0,0,100.0,0
18,2.83,71.6,1.0,1,1,2,1,86.3,0
2,0.97,68.3,28.4,2,1,1,0,66.2,1
0,5.18,56.7,3.0,2,0,1,0,45.1,1
8,6.95,219.7,58.5,2,1,0,0,94.8,0
15,0.62,88.0,1.2,5,1,2,1,100.0,0
17,1.42,26.9,20.2,0,0,2,0,82.1,0
19,1.43,36.2,4.3,0,0,0,1,84.4,0
8,4.94,21.0,2.3,4,1,0,0,100.0,0
4,7.39,121.2,2.5,4,0,3,0,34.8,1
0,3.67,86.8,19.9,2,1,0,0,59.2,1
3,2.95,21.3,39.6,3,0,0,0,74.0,0
1,6.2,36.2,67.1,0,1,1,1,57.6,1
20,6.02,18.4,49.1,3,1,2,0,89.4,0
6,2.2,43.3,23.3,0,1,0,1,85.1,0
19,1.54,19.7,86.3,2,0,1,0,66.5,1
13,3.06,100.1,44.9,1,1,0,0,100.0,0
12,6.27,95.4,37.1,3,0,1,0,87.3,0
10,5.65,86.9,24.4,4,0,0,0,91.1,0
19,5.43,78.3,22.5,2,1,2,0,75.1,0
1,6.69,7.8,19.6,0,1,1,0,49.3,1
2,2.43,6.7,35.6,0,1,0,0,71.3,0
10,2.92,160.1,1.6,1,1,2,0,88.6,0
9,0.63,132.4,2.5,0,0,1,0,100.0,0
13,6.99,55.2,35.8,1,1,2,0,86.4,0
17,4.78,35.4,22.6,3,0,0,0,100.0,0
14,2.6,43.8,7.6,2,1,0,0,100.0,0
6,0.83,97.5,24.2,2,0,0,0,98.8,0
7,5.87,78.7,12.0,2,1,1,0,96.0,0
18,6.07,35.6,1.2,0,1,0,0,92.6,0
4,5.43,24.7,11.2,5,1,0,0,100.0,0
12,1.87,11.2,14.9,2,0,1,0,95.5,0
12,7.33,83.1,20.9,1,0,2,0,83.5,0
18,6.1,4.2,44.0,0,1,2,0,92.1,0
17,5.36,10.9,0.2,2,0,1,0,94.7,0
11,5.31,83.4,18.7,0,0,0,1,85.5,0
7,7.26,44.4,1.4,4,0,1,1,89.6,0
8,7.45,12.9,6.8,1,0,1,1,79.0,0
9,4.89,7.1,7.7,1,1,0,0,100.0,0
5,3.51,187.8,83.3,2,0,1,1,79.1,0
15,3.1,8.0,13.9,2,0,0,0,89.9,0
5,6.61,8.4,7.0,4,0,1,0,83.6,0
15,5.26,14.7,5.8,5,0,0,0,100.0,0
18,0.89,67.0,0.6,1,1,0,0,100.0,0
23,1.39,64.2,8.5,2,1,1,0,78.1,0
2,7.23,18.1,7.6,1,1,1,0,52.4,1
18,7.11,17.7,9.6,3,0,2,0,63.6,1
2,7.63,31.1,11.3,3,1,2,0,64.6,1
8,3.59,82.1,11.2,0,0,0,0,80.9,0
4,6.34,50.0,4.6,3,1,1,0,62.4,1
3,6.68,66.6,3.1,1,1,0,0,70.6,0
4,2.73,36.8,6.5,1,1,0,0,81.0,0
1,1.42,41.2,63.1,5,0,0,1,52.1,1
19,7.98,4.8,32.6,2,1,0,1,83.2,0
1,0.53,50.1,7.6,5,1,0,1,81.1,0
9,4.9,6.7,28.1,4,1,1,0,100.0,0
16,5.31,178.8,2.8,2,0,2,0,75.7,0
23,5.55,38.5,8.1,4,0,2,0,66.1,1
20,2.27,42.4,38.2,3,1,0,0,93.6,0
3,5.86,148.6,5.8,2,1,2,0,55.9,1
23,1.97,112.5,28.8,3,1,3,0,61.0,1
15,6.68,56.0,17.2,2,1,0,1,100.0,0
4,1.99,58.8,11.2,4,0,0,0,54.6,1
10,5.66,20.0,20.4,3,0,0,0,100.0,0
22,6.33,31.5,61.0,3,1,0,0,70.7,0
9,1.75,3.0,18.1,0,0,3,1,77.0,0
4,2.13,25.1,18.6,4,1,0,1,85.6,0
21,6.3,12.5,27.6,0,1,0,1,95.0,0
22,0.96,50.6,8.7,2,0,0,0,66.7,1
23,1.77,1.3,15.8,0,0,2,1,49.7,1
22,3.81,63.4,6.7,1,1,1,0,56.2,1
20,7.46,56.1,10.3,2,1,0,1,100.0,0
10,4.63,105.3,25.0,5,1,1,1,100.0,0
4,3.29,40.1,10.9,2,1,0,0,67.0,1
14,7.83,86.9,0.2,3,0,0,0,86.7,0
5,3.87,79.3,0.5,1,0,2,0,78.1,0
11,3.64,17.0,58.7,2,1,1,0,100.0,0
15,3.47,48.5,13.6,1,0,0,0,95.7,0
22,2.7,125.6,20.7,3,0,0,0,49.5,1
6,2.81,46.5,35.8,1,1,0,0,100.0,0
6,5.6,27.1,13.5,2,0,1,1,87.0,0
17,0.61,106.1,3.7,3,1,2,1,100.0,0
0,5.55,8.1,27.7,1,0,1,0,57.8,1
13,1.85,14.2,20.3,3,0,0,0,100.0,0
17,3.26,4.0,34.2,1,0,0,0,89.0,0
13,1.43,1.6,60.6,2,1,1,0,99.5,0
9,4.56,19.1,1.4,1,0,0,1,87.2,0
19,5.92,28.8,0.6,3,0,0,0,98.7,0
8,3.03,103.4,81.1,5,0,3,0,88.4,0
17,1.56,213.3,30.5,2,0,0,0,87.9,0
11,2.04,88.9,55.0,3,0,0,0,100.0,0
0,6.6,16.6,2.3,4,1,1,0,84.8,0
12,2.36,3.3,29.6,2,1,1,0,100.0,0
1,6.27,187.9,55.9,4,0,0,0,61.5,1
22,2.85,44.8,88.6,3,1,2,0,59.1,1
14,1.75,49.4,36.8,4,0,0,0,94.6,0
8,5.9,186.5,41.9,2,0,2,1,52.1,1
11,3.91,120.5,25.4,0,0,0,0,79.7,0
14,0.54,35.9,3.2,6,0,2,0,95.8,0
6,7.69,152.8,21.9,0,1,0,0,81.6,0
6,1.44,5.9,12.3,1,0,1,0,90.6,0
10,3.02,5.4,9.4,4,0,0,0,100.0,0
6,3.26,1.1,10.9,1,1,1,0,100.0,0
18,4.07,10.9,3.3,2,0,0,0,100.0,0
2,6.35,68.6,28.2,3,0,0,0,56.9,1
19,0.35,83.4,1.0,1,1,1,1,97.7,0
8,7.48,0.9,38.3,2,1,0,0,100.0,0
13,5.27,61.6,1.2,1,1,1,0,99.3,0
3,7.62,48.6,9.3,2,0,0,0,75.9,0
9,6.59,29.3,12.4,0,1,2,0,85.4,0
18,7.44,20.4,33.1,5,1,0,0,100.0,0
6,4.93,31.4,27.1,5,0,0,0,100.0,0
3,3.05,102.1,65.1,3,1,1,1,67.4,0
12,3.71,11.2,5.7,2,1,0,1,100.0,0
3,5.37,69.4,7.0,2,1,3,0,60.7,1
7,3.59,0.3,4.5,0,1,1,0,100.0,0
10,5.93,108.9,6.0,2,1,0,0,100.0,0
13,1.01,19.2,33.8,2,0,0,1,91.4,0
15,6.69,15.1,12.7,1,1,0,0,100.0,0
16,1.87,5.2,28.7,4,1,2,0,100.0,0
20,7.57,43.2,6.6,5,1,0,1,98.0,0
1,1.5,82.1,2.9,1,1,1,0,58.4,1
8,1.29,35.2,15.3,2,1,3,0,68.7,0
0,6.55,1.4,3.7,1,1,1,1,60.1,1
0,6.6,113.5,18.3,1,1,1,0,63.4,1
5,5.99,44.7,8.8,0,0,1,0,75.0,0
14,7.7,0.6,9.6,1,0,1,1,61.9,1
21,2.38,44.1,32.4,3,1,0,0,100.0,0
18,6.67,1.5,14.5,2,0,1,0,96.9,0
15,3.01,217.2,2.5,3,1,0,0,100.0,0
18,4.44,61.0,8.6,2,1,1,1,100.0,0
4,3.73,6.1,11.1,0,1,1,0,48.6,1
20,0.35,116.7,17.4,5,1,1,0,100.0,0
21,4.72,15.0,80.8,5,0,0,0,100.0,0
2,6.06,39.4,1.4,2,1,2,1,54.0,1
11,1.64,20.6,21.5,1,0,0,0,76.0,0
19,7.47,3.1,37.8,2,0,0,0,82.7,0
11,4.38,1.5,2.5,2,0,0,1,82.2,0
20,1.67,68.6,42.5,4,1,0,0,100.0,0
22,5.27,15.8,7.5,2,1,1,0,54.3,1
11,1.78,23.5,0.5,1,0,0,0,100.0,0
1,0.79,82.5,40.9,1,0,2,0,51.3,1
8,5.58,22.7,27.6,4,0,2,0,96.6,0
5,1.15,57.7,5.1,0,1,0,1,100.0,0
11,1.12,159.2,12.4,1,0,1,1,74.5,0
14,6.0,68.3,5.5,0,0,2,0,75.9,0
11,0.73,12.7,21.0,2,1,1,0,96.2,0
4,6.54,15.3,15.8,1,0,1,1,54.7,1
7,6.43,59.7,4.1,1,0,1,0,85.3,0
16,1.39,10.0,12.7,1,1,2,0,97.7,0
0,4.29,76.8,33.9,1,1,1,0,43.6,1
5,1.04,307.5,4.3,3,0,0,1,90.4,0
21,5.17,24.0,10.7,3,0,3,0,60.4,1
2,0.78,37.7,8.9,4,0,1,0,72.3,0
9,7.57,95.9,49.8,1,0,0,0,93.3,0
4,1.9,6.7,0.6,4,1,0,0,98.5,0
2,5.56,115.6,32.5,0,1,1,0,41.1,1
10,1.29,73.0,4.8,1,0,1,0,100.0,0
12,1.91,15.2,0.8,1,0,2,1,83.3,0
4,3.77,47.8,8.8,2,0,4,0,28.9,1
1,4.71,46.5,12.1,3,0,1,1,72.6,0
3,7.99,24.8,48.4,1,0,2,0,37.4,1
15,0.5,339.2,3.6,1,0,0,1,94.4,0
20,0.3,88.6,76.5,3,0,0,0,87.5,0
4,3.0,90.5,24.9,6,0,0,0,78.2,0
7,3.12,39.0,2.0,2,0,0,0,100.0,0
8,7.11,79.9,35.7,1,0,0,0,84.1,0
8,7.33,91.6,14.0,1,0,0,0,100.0,0
5,7.08,10.8,64.6,3,1,2,0,95.1,0
1,1.4,20.5,2.6,1,0,3,0,39.8,1
12,3.47,21.0,48.5,3,0,1,0,90.6,0
8,6.04,43.3,1.5,4,1,2,1,91.9,0
8,2.71,79.7,7.6,2,1,0,0,100.0,0
6,5.41,9.9,3.9,1,1,3,1,99.0,0
22,2.13,113.7,56.8,9,0,0,0,69.8,0
14,2.79,48.0,17.0,1,1,0,0,100.0,0
10,6.93,55.3,14.4,6,1,1,1,100.0,0
4,2.23,108.6,5.4,1,1,0,0,70.2,0
19,7.73,64.8,1.0,2,1,1,0,76.0,0
21,2.66,9.0,24.5,4,0,1,1,92.3,0
0,0.48,48.0,20.2,2,0,0,0,57.2,1
22,2.26,23.6,143.9,3,1,0,1,59.0,1
16,1.62,120.5,9.2,4,0,1,0,96.1,0
2,4.2,59.1,23.6,3,1,1,0,80.6,0
18,1.17,109.6,8.8,4,0,0,0,90.1,0
2,5.12,18.4,16.5,1,0,0,0,59.2,1
1,7.04,50.1,21.0,1,0,2,0,38.9,1
2,3.09,58.0,17.2,1,0,0,1,58.5,1
11,1.6,137.5,25.4,6,0,0,0,100.0,0
14,3.38,49.8,51.2,0,1,0,0,91.3,0
9,6.35,68.3,11.4,2,1,1,0,97.9,0
2,4.85,46.5,3.8,2,1,0,0,87.2,0
4,1.08,35.0,15.5,3,1,2,0,56.7,1
20,4.44,10.4,21.2,3,1,0,0,100.0,0
23,3.9,24.4,5.7,3,0,0,1,77.9,0
18,2.82,28.1,9.9,1,1,2,0,91.2,0
2,1.15,152.7,24.8,2,1,0,1,75.6,0
19,7.85,47.7,17.3,0,1,0,0,81.2,0
16,1.66,34.1,24.3,2,1,0,1,100.0,0
12,1.78,15.1,2.2,7,0,1,1,100.0,0
3,1.42,44.2,17.5,0,0,1,1,48.0,1
23,4.69,18.0,18.3,1,0,2,0,48.5,1
10,3.72,74.8,28.0,3,0,2,1,74.3,0
1,2.22,30.4,9.4,1,0,1,0,51.9,1
5,3.61,146.2,7.7,1,1,0,0,96.7,0
9,5.49,9.1,21.7,4,0,2,1,88.8,0
1,2.47,86.3,24.7,2,1,2,0,55.2,1
7,7.35,90.2,38.7,2,1,2,1,77.6,0
11,2.66,6.7,22.5,2,0,0,0,95.9,0
22,1.83,32.3,19.3,0,0,0,1,51.9,1
2,7.65,46.3,5.3,2,0,3,0,37.8,1
13,6.54,3.9,3.7,2,1,1,0,100.0,0
21,2.94,0.9,24.4,4,0,3,1,61.9,1
19,6.78,7.5,29.4,5,0,3,0,64.2,1
22,4.29,2.0,1.0,1,0,0,0,74.6,0
4,2.97,16.6,4.5,3,0,0,0,65.8,1
19,6.77,201.8,13.5,1,0,2,1,50.4,1
23,6.09,47.6,18.2,5,1,2,1,65.4,1
7,2.59,55.7,2.9,2,1,1,0,100.0,0
11,4.97,6.2,35.2,2,1,1,1,88.5,0
12,3.14,66.6,34.7,1,0,1,0,71.6,0
11,0.31,28.6,10.5,3,0,2,0,92.1,0
6,7.71,363.4,37.6,4,0,0,1,89.4,0
23,4.53,38.1,15.8,1,1,0,0,66.2,1
22,4.91,119.8,7.6,6,1,1,1,84.7,0
9,4.92,16.8,1.8,1,1,1,1,87.5,0
19,4.54,88.8,9.0,4,0,1,0,95.4,0
9,2.53,41.1,12.5,1,0,1,0,100.0,0
19,7.78,10.3,15.5,5,0,2,0,64.3,1
14,5.09,52.6,30.8,2,0,0,0,100.0,0
11,5.47,13.2,5.3,4,0,2,0,78.7,0
3,3.8,14.4,3.7,3,0,2,1,37.5,1
15,2.52,263.5,11.8,2,0,1,0,81.4,0
7,0.8,30.6,9.9,1,0,0,0,95.5,0
5,3.0,66.2,6.0,2,1,1,0,100.0,0
4,1.66,20.8,16.2,0,1,0,1,73.3,0
23,5.4,121.0,4.4,2,1,0,0,69.1,0
2,7.07,19.7,37.1,1,1,3,0,38.2,1
19,2.63,121.8,22.4,3,0,0,0,84.1,0
20,2.86,201.7,14.5,2,0,0,0,78.3,0
0,5.46,87.4,0.1,1,1,2,1,48.8,1
14,1.45,82.0,18.2,3,1,1,1,100.0,0
13,7.46,104.6,27.2,1,1,2,1,75.4,0
8,3.1,8.9,24.4,2,0,1,0,100.0,0
16,1.08,107.1,6.8,3,1,1,1,100.0,0
9,1.65,33.5,7.8,2,1,2,0,83.5,0
10,7.48,47.5,16.2,1,0,1,0,97.8,0
10,2.2,36.1,9.9,2,0,0,0,100.0,0
19,5.4,139.0,24.1,5,1,0,0,94.1,0
15,1.5,24.7,41.2,4,0,1,0,95.0,0
9,1.79,28.4,19.0,4,1,1,0,100.0,0
22,7.07,137.9,7.6,1,0,0,0,61.9,1
19,1.44,14.5,4.1,1,0,1,0,66.6,1
22,0.44,63.0,4.2,4,1,2,0,81.6,0
17,4.16,31.4,12.4,7,1,1,0,100.0,0
9,6.94,51.9,67.7,4,0,0,1,95.9,0
18,2.81,24.4,2.6,2,1,1,0,100.0,0
7,1.29,79.4,12.2,1,1,1,0,100.0,0
6,7.86,7.2,5.7,2,1,1,1,80.9,0
10,5.51,96.3,23.7,1,1,0,0,100.0,0
23,6.85,15.0,27.6,1,0,3,0,47.9,1
13,6.09,65.7,0.1,0,0,1,0,86.8,0
9,5.68,30.4,46.7,0,0,1,0,75.4,0
11,3.26,65.2,13.7,1,0,0,0,83.5,0
6,2.8,185.6,35.5,2,0,0,0,94.0,0
15,5.82,60.4,3.0,3,1,1,0,100.0,0
8,5.82,122.7,50.1,4,1,1,0,100.0,0
13,7.62,23.4,15.3,6,1,0,0,100.0,0
8,4.68,95.6,2.7,1,1,0,1,98.5,0
7,2.57,15.9,12.1,4,0,0,0,100.0,0
23,4.07,60.2,71.1,2,1,0,1,84.6,0
8,5.03,93.5,9.8,1,1,1,0,100.0,0
1,3.59,0.3,2.1,3,0,1,1,62.7,1
9,6.39,33.5,78.2,2,1,1,0,83.3,0
12,4.8,29.3,58.0,2,0,0,1,100.0,0
2,0.37,66.7,16.9,3,0,1,0,62.6,1
7,4.69,33.8,13.6,4,1,0,0,100.0,0
3,5.18,108.0,18.7,3,1,0,1,82.3,0
12,7.35,74.0,10.6,0,0,1,0,85.8,0
17,3.49,103.7,16.8,3,0,0,0,100.0,0
23,4.72,34.0,52.5,1,0,1,1,49.9,1
9,3.96,86.0,18.7,2,1,2,0,82.9,0
20,4.39,16.4,5.7,1,0,1,0,78.4,0
5,0.82,327.2,0.3,0,1,0,0,87.9,0
18,7.21,17.2,15.6,4,1,0,1,100.0,0
13,7.31,44.4,23.1,2,1,1,0,97.1,0
18,4.52,118.7,49.1,2,0,1,0,77.5,0
18,4.59,48.4,8.7,2,0,1,0,91.8,0
12,0.74,28.1,20.4,1,0,1,0,95.1,0
6,4.9,84.2,7.3,3,1,1,1,100.0,0
12,3.6,10.6,15.3,4,0,1,0,92.9,0
19,5.76,8.8,30.3,2,1,0,1,88.2,0
23,0.66,32.4,24.2,5,0,1,0,92.2,0
22,5.77,113.7,12.2,2,0,1,0,59.0,1
4,2.51,75.0,19.2,2,1,0,0,82.8,0
14,5.32,50.1,19.5,1,0,0,1,85.7,0
2,5.13,14.3,6.3,1,0,0,0,80.0,0
16,2.05,45.8,5.6,3,1,1,0,100.0,0
23,3.69,48.7,26.8,2,1,1,0,60.7,1
1,6.73,37.0,37.8,3,0,2,0,41.6,1
15,4.96,23.9,23.9,1,0,1,1,83.9,0
22,0.83,24.5,84.8,4,0,1,0,78.5,0
20,3.71,2.3,27.6,4,1,0,1,100.0,0
9,2.7,27.1,5.2,2,1,0,0,100.0,0
2,5.24,67.4,57.0,4,1,0,0,83.6,0
22,5.03,14.0,26.7,1,0,4,0,11.5,1
22,0.38,7.0,5.7,5,1,2,1,66.5,1
13,4.98,48.1,10.9,1,1,0,1,100.0,0
23,5.96,96.0,7.5,1,0,1,0,47.4,1
0,6.22,2.9,1.4,1,0,0,0,58.9,1
14,0.75,11.1,62.9,4,1,0,0,100.0,0
0,2.64,50.1,5.4,2,1,2,0,64.1,1
22,3.54,146.4,13.6,5,0,3,0,29.8,1
16,1.68,51.2,1.6,0,1,0,1,89.4,0
21,3.54,43.8,11.0,5,1,1,0,100.0,0
13,0.85,279.4,16.2,5,1,0,0,100.0,0
1,1.17,132.5,21.8,1,1,0,0,85.8,0
0,5.45,32.3,35.8,1,0,1,0,30.8,1
8,2.32,175.0,1.9,2,1,3,1,68.8,0
17,5.78,82.0,0.3,6,0,1,0,89.5,0
3,0.67,23.3,15.2,2,1,1,0,76.9,0
20,4.63,10.4,9.0,5,0,0,0,100.0,0
5,3.31,13.8,57.9,2,0,1,0,97.9,0
11,6.44,33.5,22.4,2,0,0,0,100.0,0
4,6.34,9.7,4.6,2,1,1,0,74.5,0
11,3.19,185.1,4.1,1,0,0,0,89.5,0
10,5.09,17.9,41.8,3,0,0,0,99.5,0
0,2.05,153.0,1.4,2,1,1,0,71.9,0
13,4.77,63.9,26.7,5,1,0,0,100.0,0
18,0.93,147.3,56.4,4,1,1,0,100.0,0
22,3.65,6.0,8.4,2,0,1,0,52.8,1
7,1.71,47.7,29.8,4,1,1,0,100.0,0
21,7.1,14.9,47.4,0,1,0,0,76.1,0
21,3.73,249.5,30.4,2,0,1,0,67.4,1
23,4.85,127.4,14.6,3,1,0,0,83.2,0
8,3.07,19.4,18.4,0,1,1,0,100.0,0
20,2.52,191.8,32.7,2,0,1,1,88.1,0
13,1.86,81.4,34.8,0,1,0,1,91.8,0
1,7.32,57.5,16.4,4,1,2,0,77.5,0
6,6.46,115.3,3.1,0,1,0,0,98.6,0
16,1.33,52.7,80.5,2,0,1,0,86.6,0
3,6.05,110.3,5.3,1,0,1,0,58.5,1
10,3.52,64.8,3.2,3,1,4,1,83.0,0
18,0.42,4.1,16.9,1,0,0,0,99.1,0
3,4.37,31.3,1.1,2,0,0,0,69.9,0
11,1.3,52.1,13.3,1,1,0,0,100.0,0
5,1.92,66.3,27.2,0,0,0,0,96.8,0
12,5.66,12.0,19.0,2,0,2,0,83.6,0
5,2.28,83.5,67.1,0,1,1,1,94.3,0
23,7.17,57.7,43.1,2,0,0,0,61.3,1
1,5.36,102.9,36.4,2,0,0,1,57.4,1
23,6.71,117.6,34.5,1,0,2,0,44.7,1
19,5.04,145.4,21.5,5,0,1,0,79.5,0
20,6.99,30.2,6.0,5,1,0,0,100.0,0
20,3.08,31.0,0.8,3,0,0,0,83.3,0
4,4.53,107.4,87.9,1,1,1,1,63.7,1
22,4.27,7.0,18.2,2,0,0,0,57.7,1
14,7.26,50.0,24.5,4,0,1,0,89.4,0
23,1.57,11.4,42.9,2,1,0,0,69.0,0
21,4.75,24.9,29.9,0,0,0,1,83.9,0
13,6.11,220.2,25.0,3,0,0,1,92.6,0
8,3.15,12.5,1.3,2,0,2,1,80.0,0
2,6.98,12.1,11.2,6,1,1,0,73.7,0
2,3.17,68.5,12.7,2,0,1,1,46.8,1
9,1.63,1.6,35.7,1,1,0,1,100.0,0
19,4.8,6.6,0.0,3,1,0,0,97.7,0
12,3.54,92.4,7.8,1,1,1,0,92.0,0
11,0.42,91.1,19.7,1,0,0,0,92.1,0
5,0.84,19.9,19.0,3,0,0,0,100.0,0
13,1.8,82.8,2.8,6,1,1,0,100.0,0
15,6.22,52.6,3.0,3,1,1,0,100.0,0
23,7.17,0.7,10.7,4,1,0,0,98.3,0
17,4.5,0.3,23.7,0,0,1,0,72.4,0
14,1.11,71.7,41.7,2,1,1,1,94.1,0
21,4.42,21.5,2.9,1,0,0,0,84.9,0
10,6.89,37.9,0.8,0,0,0,0,89.4,0
22,6.07,1.3,42.0,1,0,1,0,36.6,1
8,2.54,57.6,10.1,2,0,0,0,100.0,0
3,1.25,42.2,98.1,2,1,2,0,41.0,1
10,7.24,56.2,29.5,1,1,0,1,94.0,0
3,6.88,16.5,37.4,3,1,1,0,70.5,0
2,0.71,2.2,15.0,1,0,0,0,79.6,0
21,6.64,8.9,0.9,0,1,0,0,86.8,0
19,1.05,85.2,2.6,3,1,1,1,79.3,0
5,0.79,165.5,19.1,3,1,0,0,100.0,0
20,6.14,11.2,21.6,1,1,0,1,84.1,0
1,4.43,137.2,3.3,6,1,0,0,71.1,0
6,3.49,61.3,1.6,4,1,0,0,100.0,0
16,7.26,197.8,3.0,2,1,0,1,95.3,0
7,6.76,5.0,4.6,1,0,1,0,81.4,0
17,0.74,64.1,104.1,1,1,1,0,89.7,0
20,5.04,79.5,20.2,0,0,0,0,90.4,0
1,6.25,8.0,29.4,7,0,1,0,73.6,0
0,4.54,8.8,30.9,4,0,0,0,92.4,0
22,7.87,28.7,42.6,3,1,0,0,87.2,0
12,5.58,41.0,14.2,3,0,0,0,94.9,0
12,1.1,80.0,7.9,7,1,2,1,100.0,0
11,1.83,73.6,29.7,2,1,0,1,100.0,0
10,6.66,92.4,59.2,1,1,0,0,90.5,0
16,7.98,82.3,31.5,1,0,1,0,91.2,0
13,1.06,14.4,5.2,1,1,0,1,100.0,0
3,1.07,237.7,6.6,0,0,1,0,59.9,1
15,6.18,18.7,6.4,4,1,1,0,100.0,0
16,0.8,52.7,25.6,1,0,0,1,92.0,0
2,0.83,58.6,16.1,1,1,0,0,77.4,0
9,7.14,113.2,58.3,0,0,1,0,88.7,0
18,6.46,115.3,5.9,2,1,0,0,100.0,0
14,7.09,35.0,69.7,3,1,0,1,80.9,0
3,5.31,68.2,4.1,3,0,0,0,63.0,1
0,2.78,4.6,0.0,1,1,1,0,70.0,0
13,7.28,13.7,32.9,3,1,2,1,81.1,0
11,2.6,5.6,39.0,1,0,1,1,72.2,0
23,2.42,38.0,15.4,4,0,0,0,65.4,1
12,7.13,96.9,6.6,4,1,0,0,100.0,0
22,5.54,24.4,0.6,2,0,2,0,51.3,1
5,7.2,62.5,28.5,3,1,0,0,100.0,0
10,1.5,28.4,5.0,3,0,0,0,100.0,0
3,7.63,115.9,9.6,3,0,0,0,53.8,1
13,5.02,97.1,24.5,4,0,1,0,94.0,0
4,5.44,133.5,4.2,0,1,1,0,47.6,1
11,7.34,13.8,0.3,1,1,1,0,87.1,0
8,3.23,19.2,4.0,6,0,2,0,100.0,0
4,5.84,3.3,31.3,3,0,0,0,66.9,1
2,5.23,8.1,9.6,1,0,0,0,52.3,1
12,6.37,16.9,37.8,2,1,3,0,86.8,0
22,7.21,114.4,2.5,4,1,0,1,81.1,0
4,5.54,82.2,16.3,0,0,1,0,34.9,1
9,0.82,39.2,3.7,3,1,0,1,100.0,0
5,1.71,73.9,6.8,2,0,0,0,100.0,0
19,7.65,76.6,4.8,3,0,1,0,66.8,1
9,7.76,103.4,28.3,1,0,0,0,100.0,0
23,7.75,20.4,46.9,2,1,2,0,53.8,1
5,0.58,2.6,7.1,3,1,3,0,100.0,0
1,3.24,49.8,69.2,3,0,1,0,62.3,1
13,6.15,36.3,0.7,4,0,0,1,100.0,0
15,6.1,21.1,76.3,3,1,0,0,100.0,0
23,0.96,60.7,42.2,2,0,0,1,51.0,1
20,4.99,38.4,17.4,3,1,3,0,84.1,0
21,1.4,100.2,43.2,1,0,2,0,52.3,1
15,4.1,31.7,10.9,0,1,2,0,87.4,0
8,2.15,7.6,15.0,1,0,0,0,100.0,0
10,0.71,1.3,48.3,1,0,1,0,74.8,0
3,0.92,19.5,2.3,0,1,2,0,48.3,1
10,7.31,30.1,44.0,2,1,0,1,100.0,0
8,6.03,112.3,7.9,2,0,1,0,87.3,0
0,7.48,35.1,15.0,2,1,2,0,62.1,1
4,3.92,40.2,7.0,3,1,1,0,76.0,0
12,3.48,13.6,36.9,2,0,2,1,80.4,0
8,3.06,103.6,22.6,2,1,0,0,100.0,0
23,5.05,91.4,12.7,1,0,1,0,61.5,1
11,3.01,245.8,53.6,3,0,1,0,87.1,0
23,6.05,115.5,20.4,2,1,1,0,65.0,1
15,6.47,165.3,25.0,4,1,1,0,97.1,0
0,7.04,6.8,53.8,0,0,1,0,44.7,1
4,2.17,108.1,31.5,1,0,0,0,52.0,1
16,4.36,2.2,52.8,4,0,2,0,86.0,0
13,2.02,362.2,2.1,0,1,0,0,87.5,0
7,0.59,36.0,13.9,5,1,0,0,100.0,0
12,5.75,10.0,22.7,4,0,0,1,100.0,0
21,4.53,8.4,23.9,2,1,1,1,87.6,0
9,5.87,158.4,10.9,3,1,0,0,100.0,0
1,0.97,49.0,48.2,1,0,0,0,56.0,1
7,7.97,0.3,18.0,2,1,0,1,97.8,0
22,7.96,88.7,15.9,2,1,0,0,71.9,0
18,3.88,87.6,32.5,2,1,0,1,100.0,0
20,6.97,44.7,3.3,0,1,1,0,91.2,0
21,2.18,12.8,5.3,3,1,0,0,100.0,0
2,5.98,13.3,11.1,5,1,3,1,79.9,0
6,7.07,28.1,14.5,2,0,1,0,81.4,0
1,6.57,46.8,24.0,3,1,0,0,56.2,1
0,6.55,231.6,22.7,5,1,2,1,60.8,1
20,3.87,60.7,13.9,4,0,2,1,70.7,0
22,6.61,14.4,11.1,2,0,0,0,60.8,1
3,5.62,57.2,4.8,2,1,1,0,75.8,0
17,1.32,198.6,14.1,1,0,0,0,94.5,0
12,1.18,14.4,7.7,1,0,0,1,94.2,0
1,6.24,13.0,4.0,2,0,2,1,43.1,1
21,5.12,2.0,0.9,2,0,0,0,87.2,0
20,4.3,52.5,17.6,0,0,3,0,52.9,1
13,7.29,2.8,38.8,2,0,1,0,95.0,0
16,5.38,312.5,33.2,2,0,0,0,80.2,0
9,3.35,136.4,28.7,2,0,1,0,71.3,0
19,3.49,9.0,16.5,1,1,1,1,100.0,0
10,4.96,16.4,41.1,0,0,0,0,100.0,0
23,6.15,18.0,2.7,2,0,1,0,67.6,0
1,4.65,6.6,1.9,2,1,1,0,73.0,0
4,4.22,98.1,1.7,2,1,1,0,68.2,0
23,5.9,90.5,11.6,3,0,0,0,65.2,1
6,5.73,18.7,2.7,2,0,0,0,99.5,0
7,6.69,89.7,14.5,3,0,0,0,100.0,0
18,0.78,65.7,12.4,3,0,1,0,86.9,0
4,6.11,23.7,20.1,5,1,1,1,82.4,0
12,4.26,36.9,17.0,2,0,1,0,82.8,0
6,0.88,195.5,20.4,3,0,0,1,80.6,0
4,5.53,192.1,5.6,2,1,0,0,82.5,0
23,5.82,112.5,8.4,3,1,0,0,93.4,0
4,4.33,18.6,29.8,3,0,0,0,67.9,0
2,6.41,54.6,17.9,2,0,0,0,56.8,1
16,2.61,155.3,12.3,2,0,1,0,88.3,0
20,1.85,18.2,52.7,2,0,2,0,87.8,0
3,3.0,68.5,3.5,1,0,2,1,57.6,1
16,3.46,10.4,53.2,3,1,1,0,100.0,0
12,5.66,51.1,0.1,2,1,2,0,87.4,0
19,6.81,89.4,6.9,3,0,0,0,89.0,0
3,5.85,414.8,1.7,5,0,1,0,51.3,1
23,1.64,42.3,37.4,3,0,1,1,57.6,1
14,3.12,199.8,3.5,2,1,1,1,85.6,0
20,1.52,118.7,1.0,2,0,1,0,88.8,0
8,5.59,73.8,54.6,0,0,1,1,73.0,0
22,2.21,34.4,35.5,1,1,1,0,51.1,1
15,4.35,119.1,25.7,3,0,3,1,77.0,0
3,6.4,154.2,19.0,6,0,1,0,67.2,1
22,5.47,29.6,22.7,1,1,2,0,51.6,1
19,2.6,51.3,25.2,3,0,2,0,82.2,0
7,2.86,61.8,10.9,4,0,2,0,100.0,0
13,5.33,185.9,68.8,5,1,1,0,100.0,0
9,4.53,41.7,24.1,1,0,0,1,94.1,0
13,1.04,65.3,9.5,5,1,1,0,100.0,0
23,7.03,251.8,23.8,3,1,3,0,49.0,1
21,4.25,138.5,68.0,3,1,2,0,73.4,0
5,3.94,10.3,5.4,4,0,3,0,72.3,0
23,1.83,64.2,1.0,1,1,0,1,61.6,1
10,3.2,176.7,19.1,1,0,0,0,92.5,0
16,2.86,40.8,4.9,4,1,0,0,100.0,0
18,2.38,69.6,29.9,6,0,1,0,100.0,0
11,4.67,179.8,31.6,2,0,0,0,90.0,0
10,3.86,52.1,28.8,2,1,0,0,95.1,0
10,7.15,99.6,5.6,3,1,0,1,94.9,0
20,7.55,7.5,39.7,2,1,1,0,83.6,0
9,1.99,63.0,43.3,2,1,2,1,85.4,0
6,1.07,14.9,54.9,3,1,0,1,100.0,0
8,6.35,74.4,27.0,0,0,1,1,83.5,0
4,7.96,21.9,31.1,1,1,0,0,71.8,0
9,6.95,13.8,0.8,1,1,0,0,100.0,0
2,0.48,47.1,65.6,2,0,2,1,38.6,1
2,2.23,94.9,11.0,3,0,1,0,62.3,1
17,0.63,144.8,24.2,3,0,0,0,99.5,0
1,6.62,15.5,13.0,0,0,1,0,70.3,0
13,4.78,16.7,8.8,4,0,0,0,100.0,0
18,4.26,573.7,63.2,2,0,1,0,71.3,0
17,4.57,51.7,9.7,2,1,2,1,99.9,0
10,2.24,30.2,6.5,1,0,0,0,95.5,0
4,4.93,15.0,14.7,3,1,0,0,67.2,1
22,0.54,82.1,1.8,5,0,0,0,82.0,0
20,5.27,28.5,1.5,2,0,1,1,66.5,1
14,5.96,51.2,14.7,1,0,0,0,97.3,0
2,5.48,0.7,18.7,3,1,3,1,31.4,1
0,2.86,10.7,37.7,2,0,1,1,69.2,0
7,6.66,8.3,12.5,5,0,3,0,84.5,0
3,5.81,35.9,16.8,3,1,1,1,59.4,1
20,1.29,57.5,43.9,2,1,0,1,93.8,0
4,1.8,26.2,45.9,1,0,3,0,23.6,1
6,5.21,15.0,4.9,3,1,1,0,100.0,0
23,2.53,41.5,17.2,2,1,0,0,78.9,0
19,1.22,164.1,13.9,0,0,1,1,67.1,1
5,1.49,43.4,12.6,0,0,1,0,87.4,0
9,1.58,16.4,10.9,3,1,0,0,100.0,0
12,3.98,21.1,3.9,0,0,1,0,87.7,0
15,4.98,31.1,44.3,5,0,0,1,100.0,0
22,1.66,3.3,4.2,0,0,0,0,61.3,1
20,5.79,27.9,6.4,3,0,2,0,61.5,1
23,2.46,37.1,1.3,1,0,1,1,52.4,1
0,2.7,183.7,12.8,4,0,0,0,66.6,1
5,2.02,150.0,33.3,1,1,1,1,79.5,0
13,6.35,51.7,0.6,1,1,1,1,81.6,0
1,7.69,34.2,1.0,4,1,1,0,95.0,0
8,4.09,18.2,19.2,1,1,2,0,81.6,0
3,0.62,33.3,3.0,1,1,0,0,70.6,0
22,2.31,5.6,6.8,4,0,1,0,71.8,0
1,1.52,16.0,11.4,0,1,0,1,73.7,0
3,6.79,51.6,8.2,3,1,1,1,75.4,0
4,0.95,233.1,3.4,0,0,0,1,69.7,0
3,7.74,125.4,0.4,2,1,1,0,54.3,1
13,4.83,121.9,29.4,2,0,3,1,58.0,1
8,4.29,69.0,24.9,3,0,0,0,100.0,0
21,6.82,243.5,21.6,2,0,3,0,41.1,1
6,0.51,27.4,2.2,2,1,0,0,100.0,0
12,6.28,8.2,1.7,0,1,4,0,88.1,0
15,1.2,12.2,2.4,1,0,1,0,90.6,0
15,6.77,2.5,66.4,3,0,1,0,91.6,0
19,4.37,40.0,2.5,1,0,1,0,70.1,0
4,0.77,103.1,24.6,0,1,0,0,67.2,1
12,6.72,32.0,17.1,1,1,1,0,87.4,0
19,0.51,101.2,56.4,1,1,0,1,100.0,0
20,1.37,49.7,46.8,4,0,1,0,73.6,0
14,6.44,16.6,6.3,3,1,1,0,100.0,0
15,3.88,36.8,8.3,1,1,0,1,100.0,0
20,7.09,2.5,15.5,3,0,0,0,100.0,0
14,5.19,13.1,87.0,2,1,0,0,100.0,0
22,5.1,122.9,108.3,4,1,1,0,63.1,1
3,2.55,99.6,5.0,1,1,2,0,55.3,1
8,1.33,146.1,5.8,1,0,2,1,81.7,0
2,7.7,71.1,64.2,3,0,1,0,63.8,1
2,1.11,13.5,18.2,2,0,1,0,55.8,1
11,4.37,244.5,1.7,1,0,1,0,95.5,0
5,2.4,8.2,11.7,4,0,1,0,95.6,0
9,2.33,30.9,1.1,6,1,1,1,98.6,0
10,4.88,4.2,31.9,4,1,0,0,97.4,0
14,6.44,39.7,3.4,3,0,1,0,100.0,0
22,6.28,7.0,34.2,3,0,1,0,53.0,1
20,6.99,17.4,48.6,6,0,0,0,98.3,0
9,2.56,94.2,29.0,4,0,1,1,83.7,0
7,3.89,20.9,25.7,5,0,1,1,96.8,0
18,0.37,1.3,8.3,3,0,1,0,100.0,0
2,6.05,72.4,23.8,2,1,1,0,71.1,0
12,2.63,31.4,18.8,5,0,2,0,99.3,0
10,4.62,15.8,29.8,3,0,1,0,100.0,0
4,1.6,44.3,0.2,3,1,2,0,66.5,1
14,6.61,32.8,16.9,0,1,0,0,99.1,0
7,6.59,101.9,1.4,2,1,1,1,98.9,0
4,7.06,60.5,15.0,3,1,1,1,70.1,0
15,0.65,30.0,8.6,1,1,1,0,96.7,0
4,7.94,7.6,8.5,3,1,2,0,54.7,1
16,2.21,15.7,20.5,0,0,2,0,84.3,0
3,2.68,46.1,8.9,3,0,0,0,72.7,0
10,2.22,90.3,26.2,1,1,0,0,100.0,0
19,2.36,76.0,20.2,1,1,1,0,60.0,1
5,4.56,36.8,2.2,2,0,1,0,100.0,0
18,2.15,103.0,17.4,3,0,0,0,100.0,0
17,3.33,20.6,1.6,3,1,1,0,100.0,0
21,5.35,5.0,16.7,2,0,0,1,89.0,0
4,6.74,97.5,19.4,2,1,2,0,60.2,1
17,5.63,87.0,37.0,1,1,2,1,82.2,0
22,4.88,13.2,8.7,4,1,2,0,74.7,0
18,1.44,16.1,8.7,0,0,0,0,95.2,0
4,6.58,165.2,27.4,2,0,0,0,64.9,1
19,0.59,87.5,21.3,2,0,0,0,86.7,0
2,2.33,20.6,41.0,5,0,1,1,85.5,0
14,0.74,15.6,14.0,1,1,1,0,100.0,0
11,5.44,172.3,5.7,2,1,1,0,98.9,0
12,3.14,79.5,5.2,2,1,3,0,74.6,0
12,5.32,6.9,7.2,4,0,2,0,100.0,0
0,2.97,5.9,40.9,2,0,1,0,48.6,1
12,3.81,36.8,26.9,4,1,2,0,93.8,0
22,3.83,81.2,8.6,3,0,0,0,85.5,0
10,0.65,51.4,36.8,4,1,0,0,100.0,0
6,3.61,30.5,3.8,1,1,0,0,100.0,0
23,5.24,107.8,52.6,1,1,1,1,47.9,1
2,4.5,53.0,2.2,2,0,1,0,51.6,1
11,0.88,84.2,43.4,1,1,0,0,98.8,0
12,5.44,2.3,5.8,0,1,0,1,100.0,0
11,2.68,82.6,27.3,3,1,1,0,98.1,0
22,0.41,111.2,2.0,5,0,1,0,58.0,1
10,1.5,153.6,7.8,4,1,0,0,100.0,0
23,4.13,32.6,3.9,1,0,0,1,61.9,1
1,2.69,100.1,46.8,3,0,0,1,57.5,1
17,5.65,10.1,4.4,0,0,0,0,100.0,0
14,2.15,93.8,9.6,3,1,0,1,100.0,0
5,6.25,6.3,1.7,3,1,1,0,96.0,0
5,2.51,136.0,15.1,1,1,0,0,100.0,0
17,5.08,97.6,97.5,2,0,2,1,70.8,0
15,6.45,8.4,7.5,2,0,1,0,98.8,0
14,3.27,18.2,91.4,1,1,2,0,83.5,0
1,0.66,3.5,18.8,4,1,0,0,94.3,0
14,4.42,74.2,8.3,1,1,0,0,100.0,0
23,7.96,138.7,25.7,1,0,1,0,33.6,1
0,7.76,64.7,1.0,1,1,2,0,57.6,1
11,2.0,20.0,29.1,6,0,0,0,100.0,0
11,6.12,37.6,16.0,7,1,0,1,100.0,0
21,2.96,177.9,11.1,0,1,0,0,89.2,0
6,1.53,123.1,24.9,1,0,2,1,65.1,1
11,5.43,95.9,8.1,0,0,0,0,80.6,0
17,4.16,96.0,24.3,1,1,1,0,93.9,0
1,4.45,409.3,40.7,1,0,1,0,41.5,1
19,6.67,21.0,3.7,4,1,2,0,84.6,0
19,2.89,101.4,9.5,3,0,0,0,85.1,0
17,5.44,9.2,29.4,6,0,1,1,100.0,0
15,3.12,28.4,2.2,0,0,1,0,83.7,0
17,0.63,35.8,5.2,1,0,0,0,94.5,0
18,3.21,11.6,9.8,0,1,0,1,100.0,0
21,7.62,50.4,5.8,2,0,2,0,65.7,1
10,4.02,69.8,12.1,3,1,0,0,100.0,0
10,1.13,80.5,27.6,3,1,1,0,100.0,0
15,5.6,105.0,31.2,3,1,2,0,76.0,0
4,7.72,44.3,64.8,1,0,1,0,33.2,1
20,7.29,49.8,8.6,4,0,0,0,96.5,0
18,4.7,15.4,5.3,1,0,1,1,88.7,0
15,3.2,162.8,4.1,1,0,0,0,81.0,0
7,4.77,26.8,9.7,3,1,2,0,91.0,0
8,6.58,4.9,11.1,2,0,1,1,81.8,0
10,6.93,35.8,41.0,2,1,0,0,100.0,0
15,6.61,53.2,10.4,3,1,0,0,100.0,0
18,3.81,174.2,2.9,3,0,1,0,93.8,0
16,1.22,14.1,6.1,2,0,1,0,94.4,0
22,4.68,58.6,0.3,3,1,0,0,86.4,0
23,1.5,36.2,27.6,5,0,0,1,62.6,1
16,0.77,6.9,5.1,4,0,2,0,100.0,0
8,4.14,41.0,0.3,1,1,1,0,80.8,0
14,5.35,3.6,4.8,3,0,0,0,100.0,0
10,6.88,81.1,15.8,1,1,0,0,100.0,0
15,6.33,6.0,8.9,1,0,0,0,100.0,0
19,6.9,40.0,18.9,5,1,3,1,79.5,0
8,6.15,33.3,11.3,2,1,1,1,98.2,0
12,5.71,191.5,8.6,1,1,0,0,97.6,0
1,0.38,39.4,15.9,2,1,0,0,75.8,0
17,5.12,19.6,30.6,2,0,0,0,100.0,0
11,1.23,68.4,2.1,1,0,0,0,94.8,0
11,0.75,7.2,8.2,0,1,0,0,97.5,0
12,1.5,31.6,4.0,3,0,1,0,90.1,0
5,6.64,20.8,37.7,0,1,1,0,83.4,0
14,6.03,373.5,8.4,3,0,0,0,84.6,0
17,7.61,12.9,17.7,0,0,0,1,96.6,0
8,7.84,183.3,6.8,1,1,2,0,78.2,0
3,7.18,9.6,3.7,3,0,1,1,67.1,1
9,1.32,29.6,3.5,2,1,3,0,78.8,0
4,7.06,12.0,14.5,0,0,1,0,44.7,1
8,6.76,76.6,5.8,0,0,0,0,78.3,0
15,7.01,103.8,13.6,0,1,1,1,74.1,0
2,1.47,16.1,22.2,1,1,3,1,41.8,1
17,1.2,63.9,10.6,2,1,0,1,100.0,0
5,7.41,72.1,6.1,1,0,0,0,100.0,0
21,1.64,34.1,16.0,2,0,1,0,75.4,0
17,3.14,58.2,5.6,0,0,1,0,85.9,0
6,3.81,38.3,29.1,2,0,0,1,89.3,0
13,1.26,136.2,5.0,3,0,0,1,95.3,0
2,0.46,19.9,18.0,1,1,0,0,71.8,0
2,7.95,9.8,25.7,5,0,2,1,52.2,1
22,7.05,71.7,119.5,6,1,0,0,90.1,0
19,7.33,42.8,12.0,4,0,1,1,67.9,0
3,2.49,80.3,38.4,4,0,0,0,83.9,0
6,1.99,10.7,7.3,2,0,1,0,100.0,0
4,3.58,43.5,0.3,1,0,2,0,48.9,1
9,3.79,1.6,0.5,3,0,0,0,100.0,0
6,0.34,30.2,12.0,0,1,0,0,100.0,0
7,6.3,31.9,14.3,1,0,1,1,87.0,0
12,7.97,37.8,10.7,0,0,2,1,61.4,1
4,4.37,70.7,6.1,6,0,0,0,89.4,0
21,3.29,0.4,17.3,6,0,0,0,100.0,0
17,3.32,255.0,3.0,2,1,0,0,100.0,0
18,1.04,48.8,44.9,0,1,2,1,91.3,0
4,2.35,159.0,4.2,0,0,0,0,70.5,0
16,4.17,23.7,46.4,6,0,0,0,100.0,0
20,3.63,12.8,23.0,2,0,2,1,64.5,1
4,4.5,12.9,13.4,2,1,0,1,81.3,0
18,6.84,86.1,0.7,0,1,1,0,100.0,0
8,2.03,10.7,21.8,1,1,2,0,100.0,0
18,0.51,88.3,20.3,4,1,2,1,100.0,0
11,0.59,2.1,1.5,1,1,2,1,95.3,0
19,1.33,69.9,56.3,3,1,2,0,74.1,0
3,4.69,6.3,10.5,3,1,0,1,91.2,0
9,6.52,68.4,0.3,2,1,0,0,100.0,0
6,7.13,5.1,15.5,2,0,0,1,100.0,0
5,5.19,6.3,21.4,2,0,1,0,90.7,0
7,3.4,88.5,37.2,4,0,0,0,100.0,0
9,1.49,105.7,29.4,3,0,1,1,100.0,0
3,3.39,49.7,20.8,1,0,2,0,40.0,1
16,2.86,38.8,7.0,3,0,0,1,89.7,0
13,7.0,45.7,0.2,3,1,1,0,100.0,0
19,4.05,67.0,6.3,4,1,1,0,97.8,0
16,2.04,23.2,8.6,2,1,0,0,94.3,0
3,2.52,21.1,8.8,1,0,1,0,61.1,1
1,1.35,137.8,22.8,1,0,2,1,44.6,1
10,7.37,74.5,78.8,0,1,1,0,88.3,0
11,0.69,25.6,5.2,1,0,1,1,76.2,0
5,0.4,10.2,139.9,4,1,0,0,100.0,0
18,1.71,72.9,43.0,2,0,1,0,85.7,0
13,6.54,114.5,2.5,3,1,3,0,79.4,0
17,4.33,75.4,40.5,2,0,1,0,91.5,0
2,5.12,76.2,7.5,1,1,0,0,73.1,0
19,3.05,48.3,23.4,4,0,1,0,94.1,0
4,0.83,1.7,20.0,5,1,2,0,78.8,0
10,6.89,3.7,46.5,5,0,0,0,100.0,0
10,1.78,7.4,31.4,0,1,0,0,100.0,0
19,0.55,17.3,13.7,4,0,0,1,89.2,0
6,4.71,87.2,11.2,1,1,2,0,83.6,0
5,0.94,7.6,6.9,1,1,2,0,92.3,0
8,1.04,4.6,12.2,2,0,0,0,100.0,0
8,6.46,16.1,20.5,3,1,0,0,100.0,0
4,4.09,12.9,4.1,3,1,2,1,71.4,0
4,2.16,46.6,2.2,1,1,1,0,56.6,1
5,2.98,3.1,14.9,0,0,0,0,100.0,0
11,5.92,30.4,50.5,1,0,0,0,89.8,0
8,0.81,137.5,9.6,4,1,1,1,100.0,0
9,1.2,65.1,12.1,1,1,1,0,100.0,0
17,5.05,195.7,2.5,3,0,0,1,95.2,0
5,4.97,78.2,6.8,4,0,1,0,95.8,0
21,7.79,19.7,27.4,1,1,1,0,90.3,0
18,3.18,90.3,48.4,3,1,0,1,100.0,0
4,0.8,97.8,11.7,4,0,1,0,68.4,0
7,4.44,63.5,1.1,3,1,0,0,100.0,0
4,5.22,90.1,3.4,2,1,0,1,83.7,0
6,1.37,170.8,1.4,1,1,1,0,96.4,0
8,4.56,42.0,15.2,2,0,0,0,99.2,0
3,1.82,6.7,66.7,1,0,1,1,41.7,1
0,6.8,30.1,9.5,1,1,0,0,70.9,0
10,6.73,7.3,18.8,1,1,0,0,100.0,0
16,3.61,248.7,1.0,3,1,0,1,98.5,0
7,7.74,7.1,9.6,1,1,1,1,83.6,0
20,7.84,16.3,11.8,1,0,0,0,93.6,0
8,1.3,58.4,9.2,3,1,0,0,100.0,0
21,3.13,86.6,0.7,3,0,0,0,100.0,0
5,4.92,92.3,24.3,3,0,0,0,100.0,0
12,0.95,55.6,64.1,3,1,0,0,100.0,0
18,3.25,11.0,19.0,1,1,0,0,100.0,0
1,2.31,34.7,14.2,2,1,1,0,66.3,1
22,7.63,145.6,6.1,5,0,0,0,68.8,0
8,3.47,43.5,29.1,1,1,1,0,100.0,0
11,6.17,0.8,19.0,2,0,0,1,100.0,0
15,3.28,46.2,34.1,4,1,0,0,100.0,0
15,1.31,1.7,30.4,5,1,0,0,100.0,0
0,6.95,52.3,28.8,2,1,0,1,49.2,1
20,0.3,254.0,3.6,2,1,0,0,100.0,0
14,0.73,42.6,44.4,5,0,1,0,100.0,0
23,3.11,56.0,8.5,1,0,0,0,85.6,0
11,5.59,82.7,5.6,1,0,2,0,76.7,0
14,2.93,19.4,43.0,1,0,0,0,99.0,0
10,0.81,6.4,7.6,4,1,1,0,100.0,0
21,2.75,61.7,8.6,4,0,0,0,100.0,0
19,2.19,24.7,30.9,6,1,2,0,95.4,0
21,0.34,53.1,2.4,2,0,0,1,85.2,0
12,4.42,24.8,39.0,3,0,0,1,100.0,0
18,1.2,145.8,4.1,3,1,1,0,100.0,0
8,2.51,49.5,26.2,4,0,1,0,96.0,0
11,5.24,56.5,16.3,1,1,0,0,98.5,0
18,5.88,7.8,3.7,2,0,1,0,68.5,0
1,2.33,34.2,15.1,1,1,1,1,62.0,1
17,2.83,67.3,16.9,3,0,2,0,81.7,0
0,2.2,40.1,26.6,4,0,3,0,51.4,1
13,7.67,18.8,62.7,2,1,2,0,74.3,0
11,1.77,78.0,23.8,2,0,2,0,92.1,0
11,1.71,176.0,2.3,2,1,0,0,100.0,0
11,3.73,11.8,13.7,2,0,0,0,100.0,0
11,1.76,81.6,6.6,1,0,2,1,73.6,0
9,1.51,1.0,41.8,4,0,2,1,82.1,0
10,1.04,4.0,6.0,1,0,1,0,95.8,0
13,5.23,89.6,36.6,1,1,0,0,93.9,0
18,5.01,2.6,7.3,2,1,0,0,100.0,0
13,5.31,3.1,6.0,5,0,0,0,100.0,0
15,6.25,24.1,25.7,1,1,0,1,100.0,0
20,2.81,81.2,31.5,3,1,2,0,83.7,0
23,7.37,0.3,7.9,2,0,1,1,31.7,1
2,5.95,87.0,16.6,1,0,0,0,56.5,1
17,6.5,192.5,5.2,2,0,0,0,97.3,0
5,5.85,30.8,33.3,2,1,0,0,100.0,0
4,3.06,72.7,19.7,2,1,1,1,65.1,1
19,2.48,178.3,8.9,2,1,0,0,100.0,0
1,3.55,4.5,31.7,1,0,0,0,80.4,0
20,1.05,85.6,34.7,2,0,1,0,78.4,0
18,3.77,9.1,2.7,3,0,2,0,91.5,0
23,0.63,58.5,17.6,2,0,1,0,63.6,1
16,0.33,40.5,16.9,3,0,1,0,92.9,0
20,7.47,10.3,5.1,1,1,0,0,79.5,0
2,5.61,10.4,20.9,2,0,0,1,56.3,1
21,4.63,120.3,8.0,2,1,2,0,78.7,0
3,2.93,17.4,35.1,1,0,0,1,59.4,1
7,4.69,70.2,23.9,1,1,0,0,94.3,0
3,7.17,6.2,40.9,3,1,1,0,60.0,1
9,5.32,101.0,19.0,1,0,0,1,84.4,0
17,4.94,29.1,34.3,1,0,1,1,87.0,0
6,3.84,75.2,2.4,1,1,1,0,87.8,0
19,2.96,29.2,5.9,1,0,1,0,63.7,1
14,5.68,8.1,11.1,0,1,0,0,94.6,0
15,7.85,143.8,0.3,2,1,2,0,59.7,1
22,3.57,1.4,70.1,3,1,1,0,62.1,1
10,3.32,135.5,17.7,2,0,1,0,77.8,0
8,3.6,50.2,40.0,0,0,1,0,75.6,0
23,3.58,39.1,2.3,2,0,2,0,51.1,1
13,7.93,129.0,10.0,2,0,1,1,92.6,0
14,5.74,62.8,42.6,1,0,0,0,98.0,0
7,3.07,252.8,7.8,2,1,0,0,100.0,0
5,3.16,132.8,2.9,2,1,1,0,100.0,0
4,3.62,82.0,19.0,3,1,0,0,81.4,0
5,0.58,51.4,13.2,2,0,1,1,92.1,0
4,4.36,132.9,3.7,1,0,0,0,48.4,1
17,6.55,27.6,35.0,0,1,1,0,100.0,0
1,5.39,4.9,22.5,1,1,1,1,51.4,1
15,1.83,6.2,82.5,0,0,0,0,88.3,0
22,5.91,114.9,6.4,0,1,1,0,51.4,1
18,5.84,38.1,30.3,1,0,1,0,84.8,0
9,2.32,59.9,38.3,1,0,0,0,76.8,0
1,5.1,11.6,33.8,1,1,1,0,68.7,0
20,5.0,28.5,18.0,5,1,0,1,100.0,0
0,6.77,189.2,35.8,3,0,1,0,49.4,1
16,1.35,44.4,11.5,2,1,0,0,100.0,0
16,1.8,22.7,10.3,2,1,1,0,100.0,0
4,4.04,4.2,6.5,1,1,1,0,65.9,1
17,0.64,20.7,24.5,5,0,2,0,93.6,0
4,3.5,56.1,113.7,2,0,2,0,34.7,1
5,6.37,46.2,17.3,2,0,1,0,88.4,0
19,1.45,37.0,10.0,2,0,0,0,73.4,0
23,3.84,122.8,0.7,2,0,1,0,51.4,1
6,7.92,38.1,8.9,0,1,0,0,100.0,0
22,4.2,11.6,6.5,1,1,1,0,53.8,1
21,4.14,21.6,35.2,2,1,4,0,83.5,0
18,4.6,93.4,17.6,1,0,0,1,100.0,0
3,1.73,4.2,3.2,2,0,2,0,55.3,1
7,1.43,143.0,20.0,1,0,1,0,96.5,0
16,5.52,37.6,16.7,3,0,1,0,86.3,0
23,3.35,78.6,0.7,0,0,0,1,48.9,1
19,2.53,316.6,2.0,3,0,2,0,49.5,1
10,0.54,56.1,35.6,2,1,2,0,99.3,0
5,6.81,32.8,1.7,0,0,0,0,85.4,0
23,0.55,2.3,2.9,3,0,0,1,62.5,1
6,6.07,34.7,17.6,1,0,1,0,83.4,0
8,3.24,44.1,45.7,3,0,1,0,84.7,0
23,4.91,24.8,6.1,3,0,0,1,68.5,0
13,2.21,60.2,15.0,4,0,0,0,97.9,0
6,1.5,4.4,23.0,3,1,1,0,100.0,0
0,4.41,116.7,7.6,2,0,0,0,77.4,0
10,5.66,53.3,29.4,3,1,0,0,100.0,0
23,1.81,34.1,34.2,2,1,1,1,66.4,1
10,3.66,29.8,16.8,4,1,1,0,100.0,0
16,3.72,71.8,63.4,2,0,0,0,91.3,0
6,1.96,62.5,3.0,0,1,1,1,99.3,0
18,4.65,5.0,30.0,0,1,1,0,100.0,0
18,1.42,73.6,6.6,2,0,2,0,70.2,0
14,4.23,4.5,40.5,3,0,1,1,92.6,0
18,1.17,30.7,15.1,6,1,1,1,100.0,0
13,4.04,25.4,19.8,1,0,0,1,90.6,0
9,2.7,42.9,1.8,1,0,0,0,100.0,0
17,3.78,72.3,21.4,2,0,4,1,72.2,0
20,3.64,54.5,4.0,3,0,0,0,84.0,0
20,7.29,5.7,34.6,2,0,1,0,83.0,0
5,4.07,99.2,20.0,3,0,0,0,100.0,0
16,6.6,97.8,5.3,1,1,1,0,95.9,0
0,2.04,53.6,15.4,4,1,1,0,74.8,0
13,3.01,14.4,32.6,4,1,1,1,94.7,0
13,0.88,12.8,13.1,0,0,0,0,94.3,0
8,3.54,167.2,45.5,2,0,1,0,79.6,0
23,5.45,10.3,13.0,1,1,0,0,81.2,0
21,6.75,54.9,0.2,2,0,1,0,73.1,0
0,4.66,165.6,22.2,1,1,0,0,76.0,0
5,5.23,20.3,6.0,0,0,0,0,84.2,0
4,1.66,10.1,30.1,6,0,3,1,50.1,1
21,0.59,20.4,9.2,1,0,0,0,88.2,0
12,6.4,106.5,49.5,2,0,0,1,84.4,0
17,1.59,126.1,6.4,1,0,0,0,100.0,0
19,1.0,29.1,27.0,3,0,1,0,88.7,0
18,7.52,46.0,25.1,4,0,1,0,100.0,0
2,7.72,153.0,6.4,2,0,0,1,40.3,1
3,5.05,14.1,26.9,0,0,1,0,50.2,1
9,3.22,34.2,1.9,1,1,0,0,100.0,0
8,6.72,76.0,8.6,3,1,1,1,92.0,0
17,1.88,182.8,37.6,2,1,2,1,84.2,0
3,3.61,153.2,2.2,0,0,0,0,76.3,0
8,3.05,49.1,21.8,1,1,2,0,70.4,0
5,7.33,26.1,1.6,4,0,0,0,100.0,0
4,7.38,72.3,8.9,1,0,0,0,65.9,1
4,5.31,8.9,23.2,1,0,1,0,53.8,1
4,1.15,295.9,3.3,7,0,0,0,77.2,0
13,4.01,18.4,20.5,3,1,3,1,89.2,0
9,2.19,47.9,1.0,4,1,1,0,100.0,0
10,7.11,0.7,0.2,1,0,0,0,100.0,0
11,1.37,33.9,8.2,0,0,1,0,80.7,0
17,0.72,42.5,0.2,3,1,2,0,92.8,0
20,5.72,24.7,14.5,3,1,0,0,100.0,0
12,3.79,42.2,9.5,1,0,0,0,92.9,0
15,6.76,7.7,5.3,0,1,1,1,97.0,0
17,0.87,50.7,7.6,2,1,1,0,100.0,0
16,6.47,118.7,7.4,1,0,0,1,84.7,0
3,0.59,18.0,1.5,4,0,0,0,72.6,0
23,0.52,151.5,3.6,4,1,1,0,73.0,0
3,3.85,24.0,5.4,3,0,3,1,54.5,1
9,2.0,26.0,10.6,2,0,0,0,100.0,0
15,4.87,43.7,27.9,2,1,0,0,100.0,0
9,0.5,36.7,36.2,0,0,0,0,100.0,0
5,0.57,48.7,11.9,4,0,0,0,100.0,0
22,5.9,116.4,7.4,4,0,0,0,70.3,0
1,1.92,106.6,7.9,1,0,3,0,30.6,1
5,5.35,16.6,20.4,2,1,1,0,100.0,0
23,6.07,32.2,4.9,2,1,1,1,60.8,1
17,0.76,123.2,43.4,1,0,0,0,100.0,0
2,6.23,3.5,40.7,2,1,0,0,70.6,0
18,2.37,10.9,78.7,1,0,0,0,100.0,0
23,3.3,4.8,5.3,4,1,0,1,81.6,0
2,0.97,25.8,33.4,3,1,0,0,75.1,0
9,6.76,27.1,97.4,2,1,0,1,99.3,0
11,4.62,0.4,13.5,3,0,1,0,91.3,0
3,4.19,66.8,15.0,2,0,0,0,62.8,1
4,7.76,141.2,0.1,2,1,2,1,61.7,1
4,2.88,35.0,66.5,4,0,1,0,73.2,0
4,7.16,9.9,11.8,1,0,2,0,45.9,1
9,5.84,134.3,141.2,2,0,0,0,85.2,0
11,7.45,110.9,1.5,3,1,1,1,100.0,0
5,7.29,46.8,26.0,3,1,1,0,100.0,0
6,7.93,3.1,1.4,2,0,0,1,100.0,0
4,1.31,43.2,9.8,3,0,1,0,49.8,1
19,6.43,34.1,18.4,3,0,0,0,72.0,0
5,6.49,68.5,22.5,3,1,0,1,100.0,0
21,5.26,145.6,5.4,1,0,0,1,87.4,0
12,2.45,62.7,10.9,2,0,0,0,88.6,0
19,7.73,120.3,15.9,7,1,1,1,100.0,0
15,1.87,124.3,15.1,1,1,0,0,96.3,0
6,4.15,72.5,10.8,1,1,1,0,90.5,0
14,4.32,52.5,2.0,0,1,2,0,87.7,0
6,1.55,0.3,35.9,2,0,2,1,69.6,0
2,5.86,38.8,1.9,2,1,1,0,72.2,0
6,0.98,14.0,43.2,3,0,3,0,72.1,0
6,5.64,24.7,83.9,5,1,1,0,100.0,0
3,6.83,17.1,3.6,0,1,1,0,69.0,0
0,2.99,105.8,12.5,1,0,0,0,42.8,1
22,5.76,0.5,1.9,2,1,1,1,71.3,0
12,1.51,53.5,24.8,1,0,1,1,89.9,0
9,6.81,1.7,11.1,0,0,2,0,65.7,1
22,7.63,137.8,32.5,1,1,1,0,43.6,1
5,1.48,263.5,3.7,3,0,1,0,100.0,0
9,5.63,29.1,6.1,2,0,1,1,74.6,0
20,4.19,206.2,28.7,0,0,1,0,61.4,1
15,4.39,1.1,1.8,2,1,1,0,100.0,0
9,5.74,89.1,8.1,4,1,0,0,100.0,0
6,4.06,79.5,14.7,2,0,1,0,89.9,0
0,4.92,149.3,8.9,0,1,1,0,68.4,0
2,2.08,5.4,23.2,4,1,0,1,80.7,0
3,3.21,2.0,10.1,3,0,0,1,68.4,0
18,6.96,129.9,10.9,2,0,3,0,70.2,0
15,1.15,20.4,29.9,4,0,0,0,100.0,0
10,4.9,195.8,61.5,1,0,0,0,87.0,0
18,1.72,147.4,0.7,1,1,2,0,88.6,0
3,6.82,17.5,34.5,1,1,0,0,64.7,1
5,4.76,79.8,25.5,1,0,1,0,86.0,0
9,3.4,10.7,44.1,3,1,1,0,100.0,0
22,2.22,13.0,4.1,2,0,2,0,45.6,1
14,3.66,219.4,26.2,2,1,0,0,100.0,0
20,7.67,83.8,10.2,1,1,0,0,78.3,0
5,4.22,151.0,16.3,5,1,1,0,100.0,0
20,3.92,23.6,3.9,6,1,3,0,75.2,0
1,6.05,45.3,10.0,2,0,0,0,51.2,1
5,3.22,67.3,38.1,1,0,1,0,85.8,0
12,3.59,56.5,35.0,0,0,0,1,79.7,0
1,2.89,102.3,10.7,3,0,0,1,60.9,1
20,1.46,29.4,35.5,3,0,0,0,90.5,0
20,5.8,150.9,29.3,0,1,1,0,66.1,1
12,7.02,22.8,15.8,3,0,2,0,86.3,0
7,7.27,30.2,30.7,3,1,0,0,95.5,0
2,7.08,121.6,38.6,2,0,1,0,48.2,1
14,3.78,34.6,0.8,2,0,1,0,99.6,0
12,2.49,57.5,12.2,2,0,0,0,100.0,0
18,5.21,53.4,4.8,2,1,0,0,100.0,0
14,7.65,17.9,10.9,3,1,0,1,100.0,0
3,5.9,7.0,15.2,3,1,1,1,50.3,1
2,4.11,73.0,7.8,2,1,1,1,51.7,1
18,5.6,48.4,33.3,3,0,1,1,99.6,0
3,6.25,83.5,0.3,2,1,0,0,66.2,1
22,7.38,5.0,34.6,2,0,0,1,68.6,0
2,6.18,44.1,34.0,4,0,0,0,77.5,0
17,3.64,13.6,11.6,4,1,1,0,100.0,0
23,2.41,39.0,7.1,1,1,2,0,63.6,1
10,4.15,20.3,69.6,3,1,0,0,100.0,0
1,2.83,12.7,4.0,3,0,1,0,62.5,1
21,7.56,2.7,1.5,2,0,0,0,82.0,0
4,4.21,16.8,8.8,1,1,1,1,61.5,1
12,3.93,119.7,10.1,4,1,1,0,100.0,0
23,2.98,12.1,30.1,4,1,1,0,81.1,0
17,5.22,52.4,7.1,3,1,1,0,94.1,0
1,4.3,158.4,27.1,2,0,0,0,63.4,1
19,1.29,129.3,3.8,2,0,1,1,62.4,1
3,6.99,19.2,5.4,1,1,0,0,76.5,0
17,3.06,21.2,8.5,1,0,0,1,95.4,0
14,3.63,3.6,18.7,0,1,2,0,83.2,0
6,1.88,92.7,19.3,4,0,1,0,88.8,0
10,4.56,125.1,16.8,0,0,2,1,58.4,1
2,5.71,85.9,13.2,1,0,0,0,55.8,1
23,7.08,31.6,54.3,1,1,0,0,65.5,1
5,0.7,16.9,10.8,3,0,2,0,99.8,0
7,7.79,172.0,0.8,2,0,3,0,67.8,0
12,5.72,20.3,6.3,2,1,0,1,86.4,0
16,2.49,0.0,8.6,2,1,1,1,100.0,0
12,1.87,1.6,1.3,5,0,0,1,100.0,0
12,2.58,57.9,19.2,2,1,0,0,100.0,0
13,7.04,379.3,21.1,1,0,1,1,73.8,0
20,2.54,96.0,19.4,0,1,3,0,71.1,0
9,3.86,70.8,15.6,0,1,0,0,100.0,0
19,5.73,98.6,3.0,6,0,1,0,83.0,0
18,7.01,33.6,17.3,5,1,0,0,100.0,0
23,5.37,30.6,5.1,2,1,2,0,54.7,1
21,6.1,53.4,54.9,2,1,2,1,78.2,0
19,1.63,111.5,5.7,1,0,0,0,98.3,0
5,7.06,18.7,1.8,0,1,0,0,100.0,0
18,2.42,9.9,11.8,1,0,0,1,100.0,0
17,1.29,157.9,3.8,0,0,3,0,74.1,0
6,7.82,25.0,59.4,0,1,2,1,79.2,0
16,1.85,6.4,28.8,2,1,2,1,89.8,0
6,1.35,55.7,46.2,1,1,2,0,91.8,0
12,5.12,116.3,37.1,0,1,0,0,81.9,0
19,2.76,31.7,2.4,1,0,0,0,64.5,1
4,1.33,105.8,12.0,3,0,1,1,60.1,1
8,4.93,0.3,0.9,4,0,0,0,100.0,0
19,6.14,5.1,12.7,3,0,1,0,85.2,0
10,6.41,30.6,32.0,2,1,0,0,100.0,0
23,1.5,28.0,38.2,1,0,3,1,27.7,1
0,4.59,73.7,4.7,1,0,0,0,73.2,0
17,6.57,113.3,18.1,2,0,3,0,81.7,0
19,1.54,71.0,0.1,2,0,2,0,68.9,0
22,1.9,25.9,8.6,1,1,0,1,77.9,0
3,0.32,8.6,12.5,5,0,0,0,89.3,0
23,4.34,17.1,28.3,1,1,0,0,79.7,0
9,1.8,124.6,2.4,1,0,2,0,82.3,0
8,5.88,18.1,15.0,2,1,1,0,98.2,0
8,7.71,188.8,0.1,1,1,0,1,100.0,0
15,1.91,55.7,28.5,4,0,1,0,100.0,0
15,5.3,95.0,27.1,4,1,2,0,89.4,0
11,1.93,23.5,5.9,1,0,0,0,96.2,0
1,0.44,10.9,16.0,5,0,0,0,64.7,1
23,6.14,1.3,33.9,2,0,0,0,67.7,0
5,3.64,65.7,8.0,1,1,0,0,100.0,0
2,7.59,4.2,5.4,1,1,1,0,50.9,1
14,4.41,7.9,10.3,1,1,1,1,95.0,0
9,1.51,118.4,34.9,0,0,0,1,74.0,0
14,3.76,13.7,54.1,0,0,0,0,83.1,0
21,1.86,19.5,87.1,2,0,0,0,82.4,0
2,7.06,24.2,0.4,0,0,1,0,48.1,1
6,5.62,27.7,3.1,1,1,0,0,100.0,0
12,2.93,12.6,10.6,1,0,0,0,99.4,0
18,4.36,41.4,16.9,3,1,0,0,100.0,0
14,5.45,110.7,5.8,1,0,0,1,83.5,0
9,6.33,244.9,21.8,3,0,1,0,66.6,1
14,0.92,55.6,7.0,3,0,0,0,100.0,0
23,0.47,83.7,15.6,2,1,0,0,68.2,0
11,1.18,14.5,1.0,3,1,1,1,100.0,0
21,3.34,6.2,20.3,4,0,0,0,86.6,0
18,3.89,40.1,18.7,1,1,1,0,100.0,0
7,1.35,180.7,17.1,4,1,2,0,99.4,0
5,3.47,109.0,27.5,4,0,0,1,90.8,0
18,3.7,20.2,7.4,2,0,1,1,90.6,0
4,1.14,17.3,13.7,1,1,1,0,60.4,1
8,7.36,38.8,17.1,1,1,1,1,96.3,0
5,4.91,38.4,58.3,2,0,0,1,94.5,0
14,3.29,43.1,21.9,4,1,0,0,100.0,0
7,4.2,37.4,27.1,1,0,2,1,70.6,0
15,2.72,50.3,8.8,3,0,1,0,89.6,0
22,6.88,136.6,17.9,1,0,0,0,58.1,1
19,4.73,26.0,15.8,1,0,2,1,61.0,1
22,4.11,17.9,38.3,0,0,0,0,48.4,1
0,7.31,99.3,6.3,1,0,1,0,35.5,1
10,6.75,64.9,8.5,2,0,0,0,100.0,0
5,6.56,7.6,1.3,4,0,1,1,85.0,0
22,2.04,23.7,11.9,4,1,0,0,94.5,0
17,1.48,65.7,80.6,4,0,1,0,94.0,0
7,5.61,111.3,28.0,0,1,2,0,75.9,0
13,3.91,195.0,11.0,4,1,1,1,100.0,0
14,5.56,47.1,1.2,3,0,0,0,100.0,0
11,6.16,19.6,5.5,1,1,0,1,100.0,0
11,2.57,19.9,6.3,0,1,1,0,90.1,0
1,2.49,47.3,47.6,3,0,0,0,71.7,0
10,4.08,65.3,0.5,3,0,3,0,77.8,0
8,2.41,15.6,13.7,2,0,2,0,90.5,0
19,5.44,53.3,4.0,1,0,0,1,71.5,0
20,6.05,156.1,4.5,3,0,0,1,79.5,0
18,3.93,16.2,113.2,9,0,2,0,97.5,0
0,5.87,47.3,5.0,1,1,0,0,71.7,0
20,4.23,33.1,35.2,4,1,2,0,94.0,0
9,5.79,76.3,48.8,8,1,0,1,100.0,0
9,2.03,39.2,15.9,0,0,1,0,79.5,0
22,5.99,54.6,121.2,1,1,0,0,58.8,1
20,5.81,13.0,11.3,1,0,1,0,68.7,0
1,2.35,35.2,8.1,2,0,1,0,50.6,1
8,4.58,8.6,5.6,1,0,1,0,96.1,0
17,6.89,20.9,9.4,0,0,0,0,94.3,0
12,2.22,12.9,19.4,6,1,0,0,100.0,0
6,5.97,201.9,22.7,2,1,4,0,74.3,0
12,7.65,11.8,10.8,3,0,0,0,100.0,0
20,6.97,18.3,44.8,2,0,0,0,75.6,0
5,3.39,8.4,0.5,1,1,1,0,96.4,0
17,4.98,29.5,23.1,2,0,0,1,82.4,0
17,7.94,13.4,26.8,1,1,0,0,100.0,0
21,4.68,156.6,38.2,2,1,1,0,76.4,0
7,1.19,9.0,24.2,3,1,0,0,100.0,0
5,0.65,64.3,35.5,2,0,1,0,72.1,0
13,6.39,69.9,5.6,2,0,0,0,93.1,0
12,3.56,69.5,11.0,3,0,1,0,95.5,0
9,2.2,47.1,17.1,1,0,0,1,93.9,0
18,2.98,141.9,13.4,1,1,2,1,78.5,0
19,6.13,47.7,4.3,4,1,0,0,90.0,0
5,3.88,42.6,17.9,2,0,0,0,100.0,0
19,6.99,61.6,79.0,0,1,1,0,76.3,0
5,5.96,23.9,16.1,0,0,0,0,67.0,1
9,7.8,80.8,4.3,3,0,0,0,100.0,0
0,7.14,99.2,9.4,4,0,0,1,58.5,1
8,2.26,115.6,13.2,3,0,1,0,90.8,0
23,5.37,61.1,2.3,2,0,0,0,62.0,1
10,0.46,50.7,4.9,3,1,0,0,100.0,0
17,7.93,393.9,36.2,2,0,1,1,44.8,1
2,2.31,81.7,6.3,1,1,0,1,68.8,0
15,5.42,202.8,83.5,1,0,0,0,87.1,0
8,6.84,93.0,19.0,3,0,0,0,100.0,0
17,1.54,155.2,37.3,1,1,1,1,100.0,0
22,6.83,54.5,13.3,2,1,2,0,48.4,1
12,0.39,24.2,94.7,6,0,1,1,100.0,0
2,3.7,1.8,5.1,1,0,0,1,64.5,1
11,3.93,43.2,6.0,3,0,0,1,100.0,0
2,3.18,4.7,12.2,1,0,0,0,60.1,1
10,4.82,123.2,3.5,2,0,0,1,90.5,0
1,7.34,32.8,8.3,0,0,1,0,40.2,1
15,2.82,97.9,6.2,1,0,1,0,80.1,0
7,4.76,29.7,14.4,3,1,0,0,100.0,0
4,7.06,85.2,4.0,3,0,2,0,60.4,1
0,6.25,134.7,15.9,0,1,1,0,54.1,1
21,0.61,96.5,7.1,4,0,2,0,74.2,0
20,7.56,20.1,1.8,2,1,1,0,85.1,0
19,0.66,87.8,14.0,4,0,0,0,100.0,0
1,4.83,58.7,25.7,2,0,1,0,54.2,1
8,4.73,22.4,30.2,0,0,1,0,90.9,0
23,6.36,25.0,8.4,1,1,2,0,52.5,1
13,1.44,15.8,22.6,2,1,2,0,87.1,0
3,1.68,78.8,4.0,1,0,1,1,74.9,0
3,6.09,105.5,8.4,3,1,1,0,53.2,1
6,1.45,61.0,11.3,2,1,0,0,100.0,0
23,3.91,183.0,19.9,3,1,1,0,56.4,1
4,5.93,15.2,43.7,2,0,1,0,46.1,1
21,5.31,50.9,32.2,5,0,0,0,97.6,0
16,1.92,1.1,25.0,3,1,1,0,100.0,0
22,2.64,89.4,28.3,2,0,0,1,68.2,0
19,7.76,50.0,29.3,2,1,0,0,100.0,0
7,3.75,129.4,4.0,1,0,1,1,71.7,0
19,0.64,54.1,32.0,1,0,2,0,72.5,0
4,1.99,78.2,8.3,6,1,0,0,73.6,0
6,2.94,106.5,2.5,2,0,0,0,92.1,0
5,8.0,30.4,22.4,1,1,1,1,98.5,0
3,2.63,58.3,19.9,1,1,1,0,58.6,1
2,0.5,95.9,43.3,4,0,2,0,51.2,1
4,4.25,26.2,12.3,0,0,0,1,40.3,1
2,0.94,33.0,7.1,3,0,0,1,76.4,0
9,2.41,20.0,39.6,2,0,2,0,85.1,0
1,7.94,34.3,2.2,4,0,0,0,68.5,0
1,5.73,10.2,3.8,4,1,1,0,75.2,0
23,0.69,26.1,16.1,3,0,0,0,87.3,0
2,3.75,5.8,0.1,5,0,0,0,72.1,0
1,1.62,19.3,12.5,2,0,0,0,55.9,1
0,1.25,45.7,22.5,2,1,0,0,77.4,0
3,4.82,27.5,8.3,3,0,0,1,78.9,0
12,4.19,65.8,34.7,1,0,0,1,91.5,0
19,6.02,56.8,2.1,4,0,2,0,82.5,0
17,7.17,47.3,7.3,3,0,0,0,100.0,0
13,2.2,2.5,12.8,4,0,0,0,100.0,0
2,7.41,146.7,23.8,3,1,1,1,54.2,1
18,4.29,28.8,2.2,0,1,3,1,60.9,1
0,2.29,59.8,41.7,3,0,1,0,54.7,1
15,6.81,92.9,10.3,5,0,1,1,100.0,0
9,0.57,17.7,55.6,2,1,3,0,78.8,0
21,4.61,10.7,12.2,3,0,1,0,84.6,0
7,5.86,1.7,19.6,2,0,0,0,100.0,0
15,2.46,122.1,30.9,1,0,0,1,90.7,0
10,6.95,14.0,6.2,2,1,0,0,100.0,0
12,2.15,253.3,21.1,0,1,0,0,86.4,0
22,6.77,22.6,16.4,1,0,0,0,55.3,1
17,0.9,83.2,1.9,2,0,0,1,100.0,0
9,1.53,2.6,33.6,2,1,1,1,100.0,0
10,3.23,77.5,1.0,3,1,1,1,97.1,0
16,6.88,12.1,34.9,4,1,0,0,100.0,0
8,1.41,3.5,5.4,3,0,2,1,77.4,0
4,7.04,6.3,27.7,5,0,0,0,76.3,0
11,2.07,74.5,21.7,2,1,3,1,78.2,0
1,3.78,6.9,55.0,1,0,0,0,56.3,1
4,3.02,24.4,16.0,3,1,0,0,96.1,0
10,1.21,93.8,32.0,4,1,1,0,100.0,0
19,7.57,34.6,25.4,4,0,0,0,83.9,0
18,3.67,1.9,4.0,3,0,1,0,94.9,0
6,5.62,13.3,19.4,3,1,0,0,100.0,0
10,4.73,17.7,10.7,2,1,3,1,64.1,1
3,4.16,39.5,14.4,4,1,2,0,68.9,0
18,5.05,200.2,5.4,2,0,0,0,96.7,0
5,7.22,40.1,1.3,2,0,1,0,100.0,0
19,5.68,51.5,7.2,2,0,1,0,70.9,0
20,4.4,37.3,23.3,1,0,0,0,99.8,0
16,5.27,10.5,3.1,1,0,1,1,93.7,0
7,4.97,35.7,4.9,2,1,0,1,100.0,0
22,3.64,431.2,51.4,1,0,0,0,50.0,1
16,5.11,54.5,97.6,2,0,1,0,83.0,0
15,3.72,102.2,8.7,3,0,2,0,86.6,0
20,6.13,46.1,4.5,2,0,1,0,85.4,0
21,7.76,227.9,5.9,3,0,0,1,96.0,0
1,7.69,11.8,27.7,5,0,1,0,59.9,1
21,6.62,28.3,0.4,7,0,2,1,77.5,0
18,4.93,42.4,24.1,1,0,2,0,73.3,0
4,6.07,16.7,18.8,2,0,2,0,47.0,1
7,1.67,29.7,1.4,5,1,1,0,100.0,0
18,3.99,106.4,52.9,5,0,2,0,87.1,0
5,2.28,89.9,12.1,2,1,0,0,100.0,0
10,0.33,40.8,7.6,4,0,0,0,100.0,0
16,7.74,11.9,7.1,4,0,0,0,100.0,0
15,6.95,7.0,19.3,2,1,1,1,73.8,0
21,4.26,67.4,64.3,2,1,2,1,60.8,1
2,2.26,10.8,24.2,2,1,0,0,65.4,1
7,5.64,107.9,10.0,0,0,1,0,67.7,0
23,3.65,85.2,18.6,2,1,1,0,68.2,0
13,6.49,124.6,5.0,3,0,1,1,88.5,0
5,8.0,53.0,48.3,1,0,0,0,89.8,0
6,2.99,24.4,92.4,2,0,2,0,81.0,0
8,2.18,32.0,16.5,0,1,3,1,66.8,1
13,2.36,31.7,6.6,1,1,2,0,98.7,0
6,1.02,179.6,3.6,1,0,1,0,95.9,0
14,3.33,46.2,102.0,1,0,0,0,100.0,0
10,0.43,4.8,45.4,4,1,0,0,100.0,0
14,1.18,37.9,52.3,0,0,0,0,97.0,0
3,2.39,7.9,0.2,3,1,1,1,78.4,0
14,1.53,1.0,15.8,2,1,1,0,100.0,0
22,5.94,59.8,22.9,0,0,1,1,53.1,1
3,1.11,26.4,47.2,1,0,1,0,48.0,1
7,6.97,10.8,35.8,2,0,0,0,100.0,0
16,2.0,168.5,4.6,1,1,1,0,100.0,0
14,1.14,128.4,29.9,2,1,3,0,87.8,0
16,0.38,19.5,13.4,3,1,0,1,100.0,0
13,5.81,41.2,50.8,1,1,0,1,90.4,0
16,2.28,78.3,5.1,5,1,1,0,100.0,0
14,4.22,12.8,36.6,0,0,0,1,100.0,0
1,1.16,16.6,0.5,3,0,1,1,59.5,1
18,7.89,76.9,22.8,4,0,1,0,89.8,0
10,1.27,153.9,96.1,3,0,0,0,100.0,0
1,3.47,69.5,50.0,3,1,2,0,57.4,1
9,6.86,333.5,0.1,2,0,0,1,70.7,0
10,2.19,16.7,66.4,0,0,0,0,99.0,0
2,2.36,168.3,19.5,1,1,1,0,51.2,1
23,6.53,109.4,3.9,1,1,1,0,47.1,1
5,2.4,17.2,5.2,3,1,1,1,100.0,0
7,0.32,30.9,16.8,2,0,2,0,98.0,0
10,3.59,80.4,5.5,1,0,2,0,66.2,1
19,0.4,198.6,47.8,2,0,1,0,64.4,1
17,7.31,17.1,25.8,2,0,0,0,92.2,0
18,5.24,176.5,56.0,3,0,0,0,94.5,0
5,4.79,29.0,20.1,1,0,1,0,76.0,0
20,1.85,51.5,28.9,2,1,0,0,100.0,0
19,5.69,30.1,6.9,1,0,1,0,64.7,1
11,5.51,27.8,7.2,6,0,0,0,100.0,0
13,0.77,17.1,7.5,1,0,0,0,100.0,0
0,7.08,50.5,3.4,2,1,0,0,82.7,0
18,4.76,13.9,3.5,1,1,1,0,94.8,0
23,6.4,275.2,25.8,4,0,5,0,29.2,1
11,2.32,81.8,3.3,2,0,0,1,94.7,0
12,1.24,29.4,6.6,1,1,0,0,100.0,0
11,5.71,33.1,22.5,2,1,1,0,97.1,0
1,6.41,56.1,2.3,2,1,2,1,47.2,1
14,3.27,40.0,10.5,1,0,1,1,64.4,1
17,0.48,44.5,1.1,1,1,0,0,100.0,0
22,6.6,62.3,18.2,2,1,2,0,44.8,1
22,1.89,29.1,0.8,4,0,0,0,72.7,0
11,2.91,157.5,0.0,2,1,2,0,89.1,0
23,5.14,12.6,17.8,1,0,1,0,64.6,1
12,1.07,1.1,33.9,2,1,0,1,98.3,0
15,0.85,1.2,1.5,2,1,0,1,100.0,0
14,0.5,18.8,28.9,2,0,1,0,100.0,0
23,7.36,130.5,25.0,3,1,3,0,53.7,1
17,2.7,6.9,5.4,2,1,2,0,93.7,0
2,5.39,53.1,8.1,2,1,0,0,83.2,0
1,7.92,10.6,35.1,3,0,0,1,68.8,0
9,5.45,77.9,83.7,3,0,0,0,100.0,0
12,4.34,9.6,28.7,1,0,1,1,83.6,0
16,4.31,1.8,19.6,2,0,0,0,95.7,0
11,3.2,21.0,39.2,2,1,2,0,94.9,0
12,4.92,3.2,18.5,1,1,1,0,99.3,0
22,7.68,22.2,7.7,1,0,0,0,59.5,1
8,6.37,111.0,23.2,1,0,1,0,87.7,0
11,3.57,1.6,34.3,2,1,0,0,100.0,0
13,2.86,103.3,0.4,1,1,0,1,100.0,0
11,7.1,83.9,30.2,2,1,3,0,74.5,0
23,1.35,153.0,38.7,2,0,0,0,48.6,1
23,6.84,125.6,21.3,2,1,0,0,80.4,0
12,2.26,27.5,44.4,3,0,0,1,99.3,0
10,5.81,116.5,38.3,1,1,1,1,89.2,0
14,6.51,134.3,25.3,1,0,0,0,90.2,0
4,3.97,76.3,9.5,2,1,1,1,67.8,0
10,1.78,3.8,0.4,0,0,0,0,87.4,0
5,6.8,33.1,31.4,2,1,1,1,100.0,0
3,3.13,22.1,5.2,1,1,1,1,73.1,0
2,2.77,140.8,24.7,1,1,0,0,59.2,1
14,4.23,0.1,40.2,5,0,1,0,92.1,0
0,3.65,13.1,10.2,2,0,0,0,52.4,1
15,5.56,107.9,2.9,1,1,2,1,79.0,0
10,1.36,54.3,7.7,1,1,0,1,100.0,0
8,3.65,6.0,25.2,0,1,0,0,100.0,0
18,7.17,60.3,6.9,2,1,1,1,95.0,0
12,0.58,81.9,2.8,3,0,0,1,99.8,0
17,3.82,129.0,5.4,2,1,0,0,100.0,0
17,5.39,203.7,32.3,4,0,0,1,96.5,0
0,7.14,5.1,7.8,6,0,0,0,66.1,1
5,4.87,39.4,12.1,3,0,0,0,90.5,0
13,6.65,72.8,7.1,2,0,1,1,82.3,0
23,2.01,44.3,24.8,4,1,1,0,77.2,0
3,3.02,100.2,23.6,2,1,0,0,67.8,0
2,7.55,324.9,3.2,3,1,2,0,52.1,1
22,7.12,349.7,6.4,3,1,0,0,56.1,1
23,4.6,64.1,0.3,3,1,3,0,57.6,1
4,3.96,76.3,19.4,0,0,0,1,46.8,1
9,3.77,146.8,39.1,3,1,1,0,99.5,0
15,0.75,1.0,33.5,1,0,0,0,100.0,0
4,7.17,12.0,19.3,1,1,1,0,57.7,1
7,6.6,12.8,18.0,0,1,0,0,100.0,0
9,3.81,103.3,81.8,2,1,0,1,90.5,0
15,2.45,199.7,1.7,3,1,0,0,100.0,0
7,2.94,38.3,6.1,5,1,3,0,95.4,0
9,1.25,9.4,31.7,0,0,0,1,99.1,0
6,5.86,71.2,28.3,2,0,1,1,72.9,0
18,4.59,14.9,15.7,2,1,3,1,74.2,0
3,2.1,43.4,8.5,2,1,0,0,79.4,0
5,5.1,8.2,21.4,3,0,1,0,94.9,0
5,7.84,44.9,24.7,2,1,1,0,82.0,0
21,1.24,45.9,8.3,2,1,1,0,84.1,0
22,3.83,55.9,23.5,4,0,0,0,80.0,0
12,4.11,57.5,16.2,1,0,0,0,87.0,0
3,1.58,27.8,18.6,6,1,0,0,96.5,0
18,4.39,142.4,9.9,4,0,0,1,99.8,0
11,4.97,8.5,28.0,2,1,0,0,100.0,0
20,1.51,5.2,17.2,2,0,2,0,65.2,1
8,1.49,39.7,4.2,1,1,0,0,100.0,0
23,6.89,4.3,12.5,6,0,2,0,60.7,1
19,2.7,9.1,8.5,4,0,0,1,100.0,0
5,5.15,9.5,0.0,2,1,1,0,100.0,0
17,5.13,5.9,29.1,0,0,0,0,90.6,0
6,6.76,96.5,6.0,3,1,1,0,100.0,0
8,6.0,22.0,7.9,2,0,1,0,90.0,0
6,6.77,184.8,2.7,2,1,0,0,100.0,0
16,5.11,54.5,8.9,6,1,1,0,100.0,0
6,3.76,137.7,13.5,2,0,0,0,100.0,0
15,3.33,57.9,18.2,0,1,1,0,88.9,0
13,3.22,40.2,18.3,2,1,2,0,100.0,0
18,3.52,50.1,21.0,2,0,0,0,99.3,0
23,1.3,21.0,4.1,3,0,0,0,72.0,0
0,3.56,39.3,21.6,3,1,0,0,76.7,0
23,3.3,7.8,28.4,1,0,0,0,64.4,1
2,0.57,45.2,7.9,0,0,0,0,47.3,1
12,2.42,76.1,10.5,2,0,1,0,95.4,0
8,6.09,64.1,37.4,2,0,0,0,90.7,0
15,4.75,22.4,26.8,4,0,2,0,92.0,0
17,6.51,9.0,82.3,2,0,0,0,100.0,0
20,4.48,72.5,29.7,3,1,1,0,98.9,0
9,6.88,129.4,0.3,0,1,0,0,100.0,0
22,6.43,6.8,3.3,0,0,1,0,43.3,1
7,1.06,18.2,27.2,3,1,1,1,93.8,0
4,7.82,36.1,1.8,2,0,1,1,47.0,1
9,0.41,104.8,2.7,4,1,0,0,100.0,0
12,4.9,41.0,8.1,4,0,0,0,100.0,0
16,6.4,60.9,22.6,3,0,0,0,98.5,0
19,2.86,10.4,25.9,2,0,1,0,88.4,0
5,4.91,13.2,8.8,3,1,0,0,100.0,0
7,3.09,87.5,8.6,1,0,1,0,83.8,0
22,0.77,95.9,0.4,2,1,2,1,66.9,1
10,0.37,19.2,31.0,3,0,0,0,94.8,0
5,1.03,149.2,2.2,6,0,0,0,100.0,0
23,1.06,2.3,18.0,2,1,3,0,53.7,1
10,5.0,18.3,7.7,1,0,0,0,89.1,0
23,4.35,15.7,37.5,1,0,2,0,36.4,1
22,3.81,10.0,4.7,1,1,3,1,50.3,1
21,5.63,3.3,33.4,1,0,2,0,66.0,1
13,0.43,92.6,6.5,0,0,2,0,85.8,0
19,2.39,68.8,36.7,1,0,1,0,70.4,0
23,6.29,35.2,11.2,3,1,0,1,67.7,0
6,7.31,52.3,8.2,1,1,0,0,100.0,0
0,3.68,35.5,0.3,5,1,0,0,85.1,0
7,0.93,86.1,6.3,3,0,1,0,100.0,0
15,6.45,9.8,2.2,1,0,0,0,96.5,0
13,7.12,2.2,22.0,1,0,2,0,85.7,0
1,3.49,145.6,19.7,3,1,0,0,81.9,0
13,2.17,32.9,11.7,2,0,1,0,76.2,0
4,0.64,181.6,5.0,1,0,2,1,43.6,1
12,4.85,261.1,4.2,1,1,0,0,97.5,0
13,7.31,177.9,85.7,1,1,1,0,91.0,0
15,5.52,57.5,33.9,2,0,1,0,64.0,1
9,2.74,5.3,25.8,1,1,0,0,100.0,0
9,5.25,303.5,7.0,4,0,1,0,88.2,0
16,6.71,49.6,6.2,3,1,0,0,100.0,0
17,3.96,21.6,9.0,5,1,0,0,100.0,0
19,6.61,75.7,55.2,1,0,1,0,67.0,1
8,3.32,22.1,16.1,3,1,0,0,100.0,0
10,2.98,18.3,7.5,2,0,0,1,100.0,0
7,4.79,89.1,1.1,1,1,1,0,98.9,0
12,3.88,11.5,32.2,1,1,0,1,100.0,0
3,7.82,64.4,23.0,1,1,0,0,64.6,1
10,4.28,49.0,20.6,3,0,1,0,96.1,0
4,3.27,62.5,9.4,1,1,1,1,54.6,1
12,3.34,74.9,10.1,2,1,0,0,100.0,0
20,4.52,17.1,12.3,3,1,0,0,100.0,0
23,3.03,106.5,36.2,2,0,1,0,40.7,1
10,5.87,92.6,0.5,4,1,0,0,100.0,0
1,3.23,16.6,3.5,3,0,0,0,68.2,0
5,3.26,164.2,40.0,1,1,0,0,100.0,0
2,5.05,157.0,7.6,5,1,0,0,76.1,0
18,0.77,238.6,5.6,1,1,0,1,100.0,0
23,5.35,47.4,13.4,4,1,1,0,56.1,1
13,4.19,2.3,1.5,0,0,0,1,85.6,0
4,3.79,95.5,12.7,3,0,3,1,40.5,1
0,5.84,105.3,15.8,4,0,0,0,64.3,1
23,6.14,15.8,14.2,2,0,0,0,76.2,0
7,6.82,33.1,5.7,2,0,3,1,70.0,0
2,3.19,7.1,16.7,1,1,2,0,49.8,1
4,2.82,25.6,34.8,2,1,2,1,50.5,1
6,5.8,78.7,52.9,2,0,1,0,84.5,0
15,4.78,102.4,0.1,1,0,1,0,82.3,0
21,5.16,15.6,19.5,4,0,1,0,74.8,0
6,4.58,134.3,32.9,5,0,0,1,96.9,0
16,6.25,44.4,1.7,5,1,3,1,100.0,0
1,1.76,103.5,24.7,4,0,0,0,73.8,0
0,4.58,26.3,42.8,2,0,0,1,60.7,1
1,1.52,7.2,5.4,2,0,0,1,79.7,0
22,3.44,93.7,26.1,2,0,0,0,73.5,0
13,5.41,11.9,68.7,0,1,0,0,83.8,0
19,4.1,39.8,7.4,3,0,0,0,97.4,0
0,3.22,0.9,1.5,0,1,1,1,63.8,1
0,7.11,15.5,13.3,1,1,1,0,68.5,0
20,6.25,102.9,31.8,4,0,1,0,75.0,0
2,4.35,27.2,2.1,1,0,2,0,43.0,1
3,7.62,97.1,30.5,2,0,0,0,42.1,1
12,3.57,97.2,64.9,1,1,1,1,93.2,0
14,6.37,97.6,86.5,3,1,1,0,89.5,0
5,1.59,73.2,44.6,4,1,1,0,100.0,0
10,2.5,12.2,35.5,0,0,2,0,88.3,0
16,2.9,45.7,3.6,1,0,0,0,86.4,0
10,1.11,72.5,22.7,1,0,1,0,78.9,0
9,4.16,128.3,4.3,3,1,0,0,100.0,0
1,1.78,89.6,19.8,2,0,1,0,47.5,1
10,5.18,96.5,6.3,1,1,1,0,100.0,0
19,1.76,82.9,4.5,5,0,0,0,85.3,0
15,1.25,13.6,72.3,1,0,0,0,100.0,0
21,7.76,26.0,17.7,3,1,2,0,76.6,0
3,5.37,37.9,16.2,2,1,0,0,49.7,1
0,7.51,41.7,21.1,1,0,3,0,39.5,1
13,4.07,39.4,28.9,0,1,2,1,68.0,0
4,0.56,15.5,5.8,5,0,1,0,66.5,1
14,4.72,110.9,25.0,3,0,0,0,100.0,0
21,4.6,24.2,39.1,1,1,1,0,62.4,1
8,0.42,18.4,5.1,3,0,3,0,91.5,0
13,6.93,20.3,25.6,4,1,2,0,97.4,0
16,5.07,71.3,11.8,2,0,1,0,83.3,0
3,6.03,63.4,14.5,1,1,1,0,60.9,1
21,4.1,33.2,7.5,2,0,1,0,50.2,1
4,5.06,82.2,8.4,6,0,1,0,78.3,0
19,2.28,30.8,5.1,2,1,2,0,67.0,1
15,7.8,133.9,3.7,3,0,2,0,100.0,0
3,3.39,207.1,24.2,3,0,1,0,80.7,0
17,1.55,20.6,13.5,2,0,2,0,85.7,0
4,0.73,70.2,1.1,4,0,1,1,59.6,1
14,5.2,128.8,8.9,0,0,0,1,71.5,0
23,7.87,38.8,18.4,0,0,1,1,28.4,1
22,7.2,92.0,8.1,2,0,1,0,50.8,1
20,5.71,26.1,57.7,5,0,1,1,76.8,0
11,7.93,41.9,32.9,1,1,1,0,90.4,0
13,5.87,7.1,44.6,5,1,1,0,96.2,0
7,2.91,13.4,27.7,2,0,2,1,91.8,0
22,4.93,49.3,13.9,4,1,0,0,88.9,0
11,0.91,4.8,20.0,2,1,4,0,77.3,0
18,2.01,18.4,21.1,5,0,0,1,100.0,0
8,3.52,35.9,10.2,3,0,1,0,84.4,0
17,1.85,106.2,7.5,0,0,1,0,84.5,0
5,7.64,3.7,5.2,1,1,0,1,100.0,0
17,7.97,0.7,36.6,2,1,0,0,100.0,0
1,3.16,166.5,9.0,1,1,0,0,78.7,0
2,5.76,58.5,7.8,2,0,0,0,49.1,1
8,3.44,34.7,20.7,2,1,0,0,100.0,0
11,1.37,34.9,3.0,2,0,0,0,100.0,0
17,2.89,23.9,8.5,1,1,0,0,100.0,0
8,2.1,12.3,19.2,2,1,0,0,100.0,0
0,2.83,100.7,39.7,2,0,2,1,52.6,1
7,1.96,160.7,0.2,1,0,1,0,75.8,0
10,1.17,56.7,28.6,1,0,2,0,89.3,0
13,1.97,143.7,6.2,0,1,2,0,81.0,0
15,7.27,39.5,39.9,3,0,1,0,89.9,0
5,0.96,6.3,4.9,6,0,0,0,100.0,0
14,2.8,110.9,22.0,5,1,2,0,100.0,0
15,4.37,5.6,23.4,2,1,0,1,100.0,0
18,3.03,71.3,22.7,2,1,1,0,89.5,0
12,4.29,49.6,21.3,1,0,0,0,100.0,0
19,0.63,18.7,28.6,1,0,1,0,85.1,0
5,5.29,36.5,31.4,1,0,1,0,78.9,0
17,4.64,243.4,23.6,2,0,2,0,65.5,1
1,5.54,62.2,15.9,0,0,0,0,47.1,1
2,4.67,118.3,9.2,3,0,1,0,55.9,1
20,3.67,14.9,11.3,1,0,1,0,79.8,0
11,3.0,76.8,1.2,2,0,1,0,85.2,0
14,2.04,48.6,7.8,1,1,1,1,97.7,0
14,4.15,8.6,17.7,1,0,0,0,91.2,0
16,0.5,29.5,20.7,2,1,0,0,100.0,0
5,2.83,187.6,35.1,1,0,3,0,65.1,1
4,5.52,46.2,2.4,1,1,0,1,63.5,1
1,1.14,97.6,41.7,2,1,1,0,84.8,0
20,0.78,14.4,10.1,2,0,0,0,79.6,0
5,5.32,100.0,7.7,1,0,0,0,93.4,0
13,3.36,53.9,17.4,2,1,1,0,100.0,0
10,6.47,127.3,60.7,2,0,0,0,88.6,0
3,7.52,25.3,9.5,0,0,0,0,60.1,1
9,7.67,38.9,20.2,1,1,2,0,94.1,0
1,3.58,118.2,48.2,3,1,0,0,57.3,1
4,2.34,73.4,0.8,4,1,1,0,69.7,0
3,4.99,30.7,12.0,0,0,1,0,50.2,1
19,5.14,8.1,10.4,0,1,1,1,76.2,0
13,5.09,8.4,24.5,4,0,2,0,87.1,0
22,2.78,254.2,39.8,0,1,0,0,73.8,0
10,0.79,37.6,18.3,1,1,1,0,77.4,0
4,1.92,36.4,72.8,2,0,2,0,45.8,1
14,1.49,43.7,54.0,1,1,0,0,89.7,0
22,1.25,293.2,19.3,0,1,0,0,68.8,0
12,7.43,20.7,13.2,3,0,0,0,96.8,0
0,0.41,50.1,6.1,1,0,0,0,77.7,0
7,4.93,12.2,0.4,3,0,0,0,100.0,0
22,7.6,18.8,16.7,4,0,0,0,63.7,1
12,3.07,2.6,37.6,0,0,2,1,70.3,0
22,4.36,18.8,3.2,4,1,1,0,81.5,0
12,5.66,41.3,12.2,2,1,1,0,100.0,0
0,2.74,17.1,1.4,2,0,1,1,62.1,1
20,3.98,58.3,36.6,1,0,0,0,77.4,0
18,6.59,0.4,27.6,1,0,0,0,100.0,0
17,6.04,26.1,1.6,4,0,1,0,97.4,0
23,6.53,8.6,0.1,3,1,1,0,76.5,0
4,7.9,17.8,4.6,2,1,1,0,76.7,0
21,3.15,0.2,44.1,2,1,0,0,97.8,0
5,6.05,27.8,57.7,3,0,0,1,100.0,0
23,4.94,73.6,8.2,4,1,0,0,77.9,0
4,5.43,28.6,24.2,0,1,0,1,62.4,1
13,6.0,8.9,27.5,1,0,0,1,85.7,0
18,6.07,91.2,15.0,3,0,1,1,77.7,0
1,7.12,63.1,6.5,3,1,0,0,79.2,0
1,2.99,70.9,3.7,1,0,0,0,87.5,0
20,5.33,3.4,15.3,7,0,1,1,88.5,0
1,2.46,58.4,12.9,4,0,1,0,76.9,0
14,4.88,31.5,3.3,2,0,0,0,87.7,0
22,6.08,69.6,42.9,2,1,0,1,70.7,0
14,6.39,167.8,0.9,2,0,0,0,86.0,0
11,3.53,67.9,0.6,4,1,0,0,100.0,0
10,4.22,25.2,2.4,2,0,0,0,100.0,0
15,2.87,7.2,29.9,3,1,4,0,85.1,0
13,1.6,37.1,2.9,1,0,1,1,88.0,0
12,2.31,5.5,1.7,1,1,1,0,82.0,0
3,7.32,43.5,0.2,2,0,1,1,40.8,1
15,2.68,12.6,0.2,1,0,0,1,100.0,0
17,7.81,12.3,11.1,2,1,1,1,100.0,0
17,2.16,10.7,6.1,2,1,0,1,100.0,0
1,5.87,101.0,42.3,2,1,0,0,76.7,0
16,4.72,93.3,5.9,1,0,1,0,88.0,0
17,5.67,44.0,11.6,3,0,2,1,86.2,0
4,5.26,46.5,43.6,0,0,0,0,53.9,1
20,5.74,224.5,14.7,1,1,0,0,83.9,0
12,7.27,115.5,22.1,3,0,1,0,78.2,0
11,4.64,139.1,57.9,2,1,0,0,100.0,0
17,0.82,58.8,18.9,4,0,3,1,96.1,0
12,2.39,0.1,5.3,0,1,0,0,100.0,0
13,5.75,81.9,2.7,1,0,2,0,81.1,0
7,4.1,34.7,1.1,0,0,0,0,80.3,0
22,4.52,4.7,2.0,2,0,0,0,60.6,1
23,4.89,31.6,21.7,1,1,1,0,50.4,1
3,3.25,97.1,11.0,4,1,0,0,74.6,0
17,6.26,17.3,2.5,3,1,0,0,100.0,0
0,5.87,7.8,7.0,1,0,1,0,60.7,1
8,5.8,7.8,12.2,4,0,1,0,100.0,0
23,5.81,3.3,9.7,2,1,1,0,53.0,1
4,7.16,131.4,14.5,3,1,0,0,66.0,1
9,4.88,86.2,1.5,2,1,0,0,100.0,0
5,7.75,175.2,63.7,2,0,0,0,92.8,0
17,1.22,89.6,35.0,0,1,0,1,100.0,0
11,5.17,66.8,19.6,4,1,0,0,100.0,0
14,5.82,29.6,29.5,4,1,0,0,100.0,0
22,3.97,27.2,79.9,0,1,1,1,50.6,1
12,2.52,46.5,10.2,2,0,1,1,84.0,0
17,4.54,80.4,1.2,1,0,0,1,88.5,0
2,3.11,14.2,11.5,2,1,2,0,53.3,1
5,7.3,60.9,13.3,2,1,2,0,83.8,0
22,3.05,24.4,28.1,0,0,1,0,40.1,1
20,1.65,107.7,0.9,1,1,0,0,87.0,0
15,4.74,30.2,49.2,1,0,0,0,97.6,0
9,3.35,32.9,24.8,1,0,0,0,92.2,0
4,1.04,68.2,29.4,2,0,1,0,55.8,1
20,4.65,55.5,15.6,0,0,0,0,78.6,0
18,4.44,61.2,3.9,0,0,0,0,92.0,0
5,1.63,7.2,8.2,2,1,1,0,97.0,0
14,4.9,49.8,2.8,1,1,3,0,74.0,0
14,4.67,4.7,23.8,3,0,0,0,95.9,0
11,6.26,16.4,15.9,2,0,1,1,86.2,0
22,3.08,21.4,18.9,3,0,0,1,58.5,1
2,2.22,19.0,14.3,2,1,1,0,63.4,1
6,7.62,4.0,50.3,1,0,1,1,86.9,0
2,4.62,28.4,21.8,1,0,3,0,37.7,1
16,0.51,35.9,61.6,5,1,1,1,100.0,0
15,6.62,107.9,0.5,1,0,1,0,92.4,0
23,1.82,103.3,20.7,1,0,0,0,37.9,1
13,6.35,159.6,0.0,5,0,2,1,70.0,0
3,5.73,162.9,6.5,2,0,0,0,49.7,1
10,7.76,66.0,26.1,4,0,1,1,87.1,0
2,7.73,223.0,57.0,2,0,1,0,48.2,1
16,2.41,20.8,30.9,3,1,1,0,100.0,0
16,6.2,22.9,101.6,0,1,3,0,68.1,0
20,2.74,8.8,26.9,3,0,2,0,80.6,0
8,5.14,2.3,44.1,3,1,5,0,75.6,0
7,4.9,4.9,24.8,5,1,0,0,100.0,0
1,0.72,6.4,79.7,4,1,1,1,64.5,1
9,0.34,214.0,50.6,3,1,0,1,100.0,0
11,0.74,44.1,23.1,1,1,0,1,100.0,0
18,1.29,17.5,21.7,0,1,0,0,100.0,0
18,2.28,21.1,7.3,2,0,2,1,79.3,0
3,7.28,11.0,13.8,2,0,0,0,61.9,1
6,4.29,33.9,7.7,2,0,1,0,96.8,0
12,6.44,29.7,5.4,2,0,3,0,76.1,0
8,6.76,130.8,19.8,2,0,2,1,78.1,0
0,5.96,225.7,3.6,2,1,2,0,64.6,1
20,3.31,18.4,30.3,3,1,0,1,98.0,0
17,6.95,89.1,32.3,3,0,0,0,90.7,0
12,6.01,52.6,15.3,1,0,0,0,97.7,0
7,6.02,63.9,1.4,4,0,0,0,100.0,0
20,7.24,31.8,43.9,1,0,0,1,65.1,1
0,4.91,113.6,0.7,2,1,4,0,31.2,1
10,4.37,94.8,17.0,1,0,0,0,97.5,0
19,7.15,54.0,3.1,5,0,0,0,100.0,0
22,3.8,49.7,1.4,2,0,2,1,47.6,1
6,6.55,8.1,14.7,2,0,2,1,75.1,0
15,0.71,16.2,2.2,1,0,3,0,79.4,0
4,0.31,16.7,49.6,0,1,2,0,67.0,1
2,4.37,2.7,60.9,1,1,1,0,51.9,1
8,0.87,27.7,39.3,0,0,2,0,74.4,0
21,7.82,51.3,24.0,6,0,1,0,71.0,0
16,0.34,94.1,2.8,3,1,2,0,99.2,0
11,5.83,0.9,61.8,5,1,1,0,95.6,0
6,2.17,43.8,5.0,3,1,1,0,100.0,0
3,7.75,157.2,6.6,3,0,0,0,68.6,0
6,3.24,22.0,18.6,4,0,0,0,100.0,0
3,0.51,6.2,11.5,3,0,1,1,47.8,1
4,0.51,86.8,31.2,1,1,1,1,63.0,1
16,4.56,31.0,27.0,2,1,0,0,94.8,0
3,7.9,61.0,24.3,1,1,0,0,71.7,0
1,7.84,22.2,61.2,0,0,0,0,64.5,1
13,2.9,45.8,35.1,0,0,0,0,85.5,0
6,4.02,176.1,5.5,5,1,1,1,100.0,0
10,1.07,23.9,44.1,2,1,1,0,100.0,0
3,4.32,82.2,32.0,2,1,0,0,71.0,0
5,4.92,57.1,1.8,1,0,1,0,85.0,0
10,2.23,98.8,52.0,0,0,1,0,65.2,1
16,5.01,95.2,15.1,2,0,1,0,85.6,0
9,7.23,52.0,21.4,2,1,0,0,100.0,0
13,0.31,156.7,2.9,3,1,1,0,100.0,0
12,2.06,2.4,71.1,3,0,3,0,71.7,0
6,1.92,4.6,8.3,4,1,1,0,100.0,0
6,1.25,5.8,15.6,2,1,0,1,100.0,0
10,1.58,51.9,18.5,1,1,0,1,97.0,0
0,5.12,7.8,17.7,1,0,1,0,54.9,1
16,1.09,43.9,6.0,2,0,1,0,90.2,0
14,5.99,55.3,1.2,3,1,0,0,100.0,0
7,7.13,50.4,24.7,3,0,0,0,91.7,0
8,7.43,29.5,2.6,3,1,1,0,100.0,0
7,5.38,46.1,9.4,4,0,0,1,97.8,0
15,1.82,67.6,33.4,5,0,2,1,79.8,0
18,0.96,119.5,14.3,3,1,3,0,84.2,0
2,2.09,8.6,5.0,2,0,0,0,60.4,1
9,7.71,103.8,6.1,2,1,1,0,100.0,0
0,7.71,47.5,15.4,0,0,0,0,55.6,1
10,3.24,5.9,23.9,1,0,0,1,100.0,0
5,2.81,31.9,9.5,2,0,1,1,96.5,0
8,4.23,35.9,87.0,2,1,0,0,100.0,0
10,2.55,43.2,19.7,2,1,1,0,100.0,0
7,7.84,45.0,26.5,1,0,0,1,80.5,0
9,2.0,154.7,31.2,5,0,2,1,76.4,0
18,3.14,41.4,27.1,2,0,0,0,100.0,0
19,3.61,49.4,4.2,1,1,3,0,70.7,0
0,1.26,9.1,23.2,6,0,1,1,76.9,0
9,3.25,38.9,49.3,3,1,1,0,100.0,0
20,6.9,119.9,39.6,3,1,1,0,85.6,0
12,1.38,47.3,1.6,3,1,2,0,100.0,0
4,4.8,23.8,5.0,2,0,2,1,48.5,1
14,3.43,11.3,0.7,2,1,1,1,100.0,0
3,1.61,20.9,38.4,2,1,1,0,60.3,1
0,0.39,22.4,6.9,4,1,0,0,88.5,0
15,2.4,7.5,11.3,0,0,1,0,83.3,0
12,0.78,230.3,43.6,2,0,0,0,90.2,0
18,3.2,25.3,10.8,2,1,1,1,94.7,0
8,6.54,13.7,13.8,4,0,0,0,100.0,0
20,5.84,24.0,6.8,2,1,1,0,94.0,0
10,7.59,12.5,33.1,1,1,0,0,89.1,0
17,3.59,96.8,32.5,1,1,0,1,94.4,0
2,5.75,28.6,18.5,1,0,1,0,59.5,1
2,5.42,0.2,2.5,0,0,3,0,40.2,1
18,1.97,33.5,5.9,1,0,1,0,72.9,0
20,2.64,67.1,2.7,5,1,2,0,93.4,0
22,4.38,0.0,39.4,3,0,0,0,75.6,0
7,6.43,27.7,22.1,1,0,1,0,89.1,0
0,3.86,64.5,23.9,1,0,0,0,56.7,1
23,2.05,8.0,84.3,1,0,1,0,55.5,1
14,7.95,17.4,21.0,4,0,1,0,95.4,0
5,1.19,54.6,0.8,3,0,1,1,75.5,0
18,7.66,224.9,16.3,0,1,0,0,100.0,0
21,6.53,21.8,19.2,2,1,0,0,97.3,0
6,6.76,134.8,33.2,1,0,1,0,78.3,0
18,6.42,122.1,26.0,2,0,0,1,100.0,0
18,1.9,33.6,5.3,2,0,0,1,96.3,0
12,5.17,33.8,9.5,0,0,0,0,83.6,0
15,6.13,5.9,2.3,0,0,2,0,86.7,0
6,6.04,10.6,2.0,0,1,0,0,100.0,0
22,2.39,4.0,15.1,2,1,2,0,60.1,1
23,1.69,243.5,10.6,3,1,1,0,61.2,1
23,2.83,80.9,3.5,1,1,0,0,49.1,1
17,3.99,25.7,8.7,3,0,2,0,94.1,0
1,4.72,25.8,15.8,2,0,4,0,31.2,1
8,6.74,63.0,7.0,3,1,1,0,100.0,0
10,6.22,189.7,21.5,2,0,0,0,93.8,0
23,5.51,49.6,46.5,6,1,1,0,74.4,0
13,2.33,21.3,74.0,2,0,1,0,85.5,0
12,3.99,74.3,2.1,2,0,0,0,100.0,0
3,2.88,23.2,54.4,3,1,0,1,73.6,0
19,2.11,184.7,5.7,0,0,0,0,76.3,0
8,0.38,28.8,44.7,3,0,0,0,100.0,0
2,2.91,8.3,38.3,7,1,0,0,81.6,0
23,2.27,41.4,44.7,0,1,1,0,49.6,1
4,4.7,65.2,67.8,1,1,0,0,57.3,1
0,0.78,41.8,20.9,1,0,0,0,59.6,1
1,2.38,30.9,2.8,5,0,0,0,88.7,0
10,0.64,33.8,0.8,3,1,2,0,100.0,0
2,5.24,40.3,27.0,1,1,0,0,61.6,1
20,4.68,76.2,14.7,2,0,0,1,92.0,0
12,2.9,2.1,1.7,3,0,1,0,100.0,0
7,1.43,77.1,6.7,1,1,1,0,80.3,0
0,7.68,10.7,51.2,3,0,1,0,51.7,1
11,4.8,4.3,0.8,4,0,0,1,100.0,0
3,5.53,4.8,39.1,1,1,0,1,83.6,0
23,4.39,48.5,11.5,4,0,2,0,61.9,1
6,6.51,151.4,16.2,2,0,0,0,85.3,0
11,7.2,5.7,12.5,1,1,1,0,100.0,0
0,3.25,54.2,28.8,2,0,2,0,43.9,1
3,5.61,171.6,38.4,0,0,3,1,31.6,1
4,2.07,104.0,2.9,1,0,1,0,59.7,1
1,5.32,21.1,13.0,1,0,0,1,72.9,0
17,3.37,96.4,34.0,0,0,1,1,76.4,0
22,0.35,13.5,17.6,1,0,0,0,82.9,0
23,7.66,174.8,22.4,2,1,1,0,58.9,1
6,6.99,0.7,17.5,2,1,1,0,93.8,0
18,2.54,39.8,10.8,2,1,0,0,100.0,0
12,7.98,13.9,18.2,2,1,2,0,85.7,0
1,2.74,49.6,7.2,2,0,1,1,54.1,1
2,3.83,1.2,30.1,3,0,1,1,59.7,1
13,6.85,24.1,32.3,4,1,0,0,100.0,0
10,2.65,71.9,3.2,2,0,1,1,87.0,0
0,3.77,3.9,20.5,4,0,1,0,76.4,0
22,5.43,316.7,3.9,4,0,2,1,45.1,1
17,1.3,47.1,24.9,3,0,1,0,79.2,0
12,3.55,4.1,9.7,1,1,0,1,100.0,0
23,2.68,18.4,85.5,1,1,0,1,54.7,1
23,5.51,91.1,16.6,2,1,0,0,69.3,0
23,1.35,5.6,0.6,3,0,0,0,82.7,0
6,2.09,78.0,13.5,3,0,0,0,100.0,0
21,5.78,61.1,30.9,1,0,0,0,93.7,0
12,1.5,9.7,4.4,3,0,1,0,88.1,0
17,3.55,116.8,12.6,1,0,1,0,77.0,0
20,5.79,115.7,1.1,3,1,0,0,100.0,0
3,6.19,17.7,20.5,1,1,0,1,60.3,1
10,1.03,55.2,5.3,1,1,2,0,86.0,0
3,6.86,60.1,1.3,2,1,0,0,72.8,0
6,5.87,29.3,34.0,2,0,0,0,92.7,0
9,2.91,6.1,68.6,4,0,0,0,100.0,0
20,6.18,50.0,129.2,5,0,0,1,79.4,0
20,5.91,39.3,4.5,2,0,1,0,74.6,0
9,4.93,39.8,33.3,3,0,1,1,88.9,0
7,4.6,16.9,15.5,5,0,0,1,100.0,0
12,5.96,0.2,4.9,1,0,1,0,79.3,0
21,7.99,96.3,23.5,4,1,1,0,71.4,0
23,4.75,108.9,32.9,2,1,1,0,72.3,0
5,6.53,74.7,28.8,2,0,0,0,94.5,0
4,6.03,41.6,4.2,1,1,0,1,73.6,0
16,6.89,41.2,41.1,0,0,0,0,82.0,0
7,7.65,29.1,11.2,1,0,0,1,87.1,0
4,1.79,7.3,1.7,2,0,0,0,70.2,0
0,1.57,170.3,0.1,4,1,1,1,76.6,0
9,4.81,14.8,3.5,3,1,1,1,100.0,0
9,3.76,3.5,11.9,4,0,3,0,90.2,0
13,4.69,15.8,28.5,4,0,0,0,100.0,0
4,6.44,24.2,3.0,2,1,1,1,52.0,1
17,7.47,28.9,53.6,1,0,0,0,84.4,0
16,3.51,34.6,0.5,0,0,1,0,73.7,0
11,5.83,91.7,26.5,3,1,0,0,100.0,0
4,1.82,203.9,56.8,3,1,1,0,59.5,1
12,4.42,65.3,95.0,5,0,0,0,100.0,0
16,0.47,192.4,15.7,6,0,1,0,100.0,0
8,4.18,14.6,13.0,6,0,1,1,82.9,0
6,4.5,66.4,31.4,1,0,0,1,93.7,0
12,5.96,12.4,28.5,4,0,0,0,97.4,0
8,5.3,67.7,7.1,2,1,0,1,100.0,0
9,3.06,8.0,14.4,1,0,1,0,100.0,0
8,0.34,12.4,9.3,2,0,1,1,95.5,0
7,1.19,11.3,28.5,6,1,0,0,100.0,0
17,7.79,34.5,7.8,0,1,0,0,93.6,0
11,7.4,78.6,75.4,0,0,0,0,98.7,0
11,2.8,0.8,74.1,2,0,0,0,100.0,0
15,2.29,125.5,1.8,1,1,0,0,100.0,0
8,3.66,7.8,2.5,2,1,0,0,100.0,0
2,5.61,60.9,26.5,1,0,0,0,47.7,1
20,3.05,22.5,2.8,3,1,0,0,100.0,0
1,0.82,4.2,43.6,3,1,0,1,75.8,0
13,3.4,18.3,15.9,0,0,1,0,73.2,0
6,2.31,8.2,8.5,1,0,0,0,100.0,0
5,2.8,17.4,3.6,1,1,2,0,87.5,0
1,1.55,0.3,12.1,3,0,2,1,52.9,1
21,5.37,85.2,16.9,0,1,1,0,74.2,0
10,4.36,86.5,16.7,1,1,1,1,93.9,0
8,2.39,125.2,29.3,6,0,1,0,99.3,0
17,4.56,86.1,3.2,2,0,1,0,100.0,0
0,4.09,248.4,16.9,2,0,1,0,37.5,1
13,6.43,3.3,2.6,2,1,2,0,100.0,0
11,7.66,3.0,7.8,1,0,0,1,76.3,0
13,1.31,7.2,7.1,0,1,0,0,100.0,0
2,7.11,26.7,4.9,0,1,1,1,63.5,1
22,5.73,62.4,3.4,1,0,2,0,38.7,1
5,5.63,4.5,0.2,1,0,1,0,85.6,0
16,3.18,44.5,37.7,0,0,0,0,87.2,0
17,2.95,101.9,13.2,3,1,1,0,100.0,0
8,0.34,147.8,1.9,4,0,0,0,100.0,0
3,7.86,18.2,5.1,2,1,0,1,75.2,0
7,4.97,105.9,13.5,4,0,1,0,90.4,0
19,3.4,35.4,0.1,2,0,0,0,94.7,0
21,4.49,6.6,23.5,0,0,0,1,74.3,0
22,0.61,7.3,1.9,3,1,1,1,90.1,0
5,1.64,21.1,34.6,2,0,0,0,100.0,0
14,5.1,25.7,42.8,0,1,2,0,80.4,0
3,4.26,11.3,59.2,3,1,0,1,74.9,0
17,6.36,43.0,35.7,2,1,0,0,90.3,0
9,5.37,50.5,3.5,0,1,1,0,78.8,0
17,4.93,92.7,37.2,1,0,1,0,74.0,0
16,6.58,11.0,15.5,4,1,0,1,100.0,0
23,0.83,76.2,25.3,1,0,1,0,53.9,1
11,5.62,38.4,2.9,2,1,1,0,97.7,0
8,5.81,59.9,3.4,1,0,0,1,87.5,0
12,2.42,47.3,12.5,2,1,0,0,100.0,0
3,1.81,55.5,19.4,0,1,0,1,66.4,1
2,1.95,52.9,12.4,2,0,0,1,60.6,1
12,1.83,172.2,11.5,1,1,1,0,94.4,0
19,4.33,27.4,8.4,4,1,3,0,74.2,0
12,1.34,8.4,3.9,1,0,1,0,84.5,0
18,5.38,7.1,60.6,4,1,0,1,100.0,0
4,1.11,40.1,7.8,3,0,0,1,70.2,0
10,0.51,18.3,10.9,5,1,1,0,100.0,0
14,2.76,21.8,2.7,0,0,0,0,100.0,0
8,1.78,1.9,20.4,4,1,2,0,91.6,0
0,7.91,35.4,0.5,1,0,0,0,68.0,0
1,2.63,92.9,13.5,1,1,1,0,50.1,1
22,2.01,26.0,3.6,0,0,0,1,71.3,0
14,1.82,20.2,43.5,4,1,0,0,100.0,0
6,3.18,17.5,17.9,4,0,0,1,100.0,0
6,4.97,26.3,14.1,3,1,0,0,100.0,0
0,6.32,184.4,32.0,4,1,0,0,70.8,0
22,3.11,22.2,20.4,2,1,0,0,66.0,1
2,5.12,0.3,18.1,5,1,3,0,68.3,0
18,4.01,79.9,46.1,1,1,2,0,75.8,0
5,6.82,0.7,0.1,3,0,0,0,100.0,0
8,4.68,63.9,64.2,2,0,0,0,100.0,0
6,2.53,61.1,10.4,2,0,0,0,100.0,0
19,5.72,117.5,39.7,1,1,1,1,83.0,0
0,6.61,7.8,8.8,1,0,0,0,56.1,1
8,3.88,28.6,10.3,4,0,2,1,94.2,0
6,7.9,175.6,6.2,1,1,1,0,80.4,0
6,7.07,25.7,10.5,0,0,0,0,82.3,0
4,1.82,10.0,10.9,1,1,2,0,64.6,1
21,6.36,136.7,1.1,5,1,0,0,100.0,0
9,4.93,23.7,3.6,4,0,1,0,100.0,0
10,4.42,2.4,0.9,0,0,1,0,73.3,0
9,4.26,40.5,38.1,4,0,0,1,100.0,0
23,6.87,59.7,10.0,1,1,0,0,90.1,0
8,5.0,15.9,9.1,3,0,1,0,99.4,0
8,4.44,32.1,43.3,2,0,0,0,100.0,0
7,0.68,55.1,14.5,4,0,1,0,100.0,0
7,3.75,57.3,92.7,5,0,3,0,78.8,0
2,7.29,46.6,30.2,0,1,0,0,74.2,0
14,5.78,3.6,3.1,0,1,3,0,72.6,0
0,0.69,10.5,0.1,0,0,1,0,66.6,1
5,7.11,96.6,3.6,1,0,1,1,53.3,1
4,6.67,53.7,36.0,2,1,1,1,49.3,1
6,4.51,46.4,22.0,1,0,0,1,98.5,0
18,0.47,122.7,2.8,2,0,0,0,100.0,0
14,4.63,32.4,69.1,5,1,1,0,100.0,0
23,0.72,36.3,9.7,4,1,2,1,61.2,1
8,2.77,12.8,5.2,3,0,0,1,100.0,0
22,5.14,33.3,18.2,1,0,0,0,71.4,0
1,7.33,34.2,28.2,3,1,0,0,89.3,0
12,3.06,4.9,7.2,1,1,2,0,91.7,0
19,6.92,44.7,18.6,4,1,2,1,86.2,0
12,7.37,11.6,19.6,3,1,1,0,100.0,0
22,0.46,98.7,20.6,0,0,0,1,75.9,0
7,2.14,23.4,3.3,2,1,0,0,100.0,0
0,5.77,37.9,7.3,2,0,0,0,67.8,0
18,6.13,47.9,17.5,2,1,0,0,100.0,0
1,3.32,5.5,6.9,2,0,0,1,63.0,1
18,5.36,74.4,1.7,4,0,0,1,99.0,0
17,5.01,100.7,11.5,1,1,1,1,98.3,0
20,6.0,20.0,42.2,1,0,0,0,72.7,0
11,5.83,42.0,8.6,0,0,1,1,90.9,0
21,0.96,33.9,7.7,1,0,1,1,95.5,0
4,1.52,24.2,0.1,3,1,1,0,77.7,0
10,1.32,37.5,2.1,2,0,1,0,100.0,0
2,7.48,69.5,8.6,1,0,1,1,57.7,1
18,7.33,22.0,6.1,3,1,2,1,86.5,0
17,6.44,20.4,17.3,2,0,0,1,93.1,0
19,1.2,115.0,40.8,1,0,0,1,62.8,1
18,4.72,5.2,34.4,3,1,0,1,100.0,0
7,1.74,39.7,11.4,3,0,0,0,100.0,0
1,3.14,53.6,4.2,0,0,1,0,58.6,1
22,2.36,100.5,21.0,2,0,0,1,81.7,0
11,6.68,112.3,5.0,1,0,0,1,70.3,0
2,1.41,12.9,2.2,3,1,0,1,78.2,0
22,5.28,113.4,17.8,1,1,0,1,50.2,1
23,7.88,92.0,5.1,4,0,1,0,71.5,0
10,5.59,6.6,0.6,0,0,3,0,56.9,1
18,0.91,65.5,11.6,4,0,0,0,100.0,0
0,7.29,21.8,35.2,1,0,0,1,45.6,1
2,5.25,46.7,8.2,5,1,0,1,78.9,0
6,3.81,40.1,10.7,1,0,4,1,66.0,1
15,5.38,102.8,2.6,0,1,0,0,96.7,0
3,7.07,19.3,1.4,3,0,0,0,72.3,0
0,3.97,33.2,5.9,3,0,1,1,51.9,1
16,4.39,18.7,4.9,1,0,0,1,100.0,0
18,3.78,193.5,2.8,2,1,3,0,84.8,0
17,0.86,1.2,35.9,3,0,2,0,91.4,0
19,6.36,65.8,2.3,7,1,0,1,97.0,0
19,1.27,435.7,22.5,1,1,0,0,78.7,0
14,3.34,46.2,5.0,0,0,0,0,96.7,0
12,3.28,68.5,35.1,3,1,3,0,75.9,0
20,2.46,139.3,9.9,1,1,1,0,76.4,0
8,3.4,17.6,10.7,1,0,0,0,100.0,0
2,5.06,5.6,50.5,2,1,3,0,55.9,1
18,2.7,12.9,28.5,0,0,1,0,86.4,0
6,1.63,42.9,3.1,3,0,1,0,100.0,0
23,6.99,39.4,20.7,0,1,0,1,68.6,0
9,7.78,74.0,1.7,2,0,1,0,81.2,0
20,3.83,19.7,17.4,4,1,1,1,83.0,0
1,2.82,94.8,7.9,0,0,2,1,37.7,1
15,0.67,9.2,4.6,1,0,0,0,100.0,0
10,0.58,15.5,5.5,5,1,1,0,100.0,0
11,3.33,29.5,9.4,1,0,0,1,100.0,0
6,7.46,57.6,26.1,2,0,0,0,88.4,0
23,5.93,10.2,17.3,2,0,0,1,73.5,0
9,2.99,132.1,13.7,0,1,0,1,100.0,0
20,7.75,66.4,45.8,2,1,0,0,95.4,0
10,3.6,41.2,15.7,0,1,0,0,98.9,0
1,2.43,36.0,92.8,3,0,1,0,58.7,1
21,3.58,14.6,0.2,0,1,0,0,96.2,0
4,1.93,10.0,1.7,2,0,2,0,40.9,1
6,7.12,55.4,23.3,3,0,0,0,85.2,0
20,3.08,14.6,6.1,2,1,0,0,95.7,0
21,5.37,17.2,12.9,0,0,2,0,58.5,1
22,3.3,147.6,1.3,2,1,1,0,69.6,0
10,7.24,20.6,4.4,2,0,1,0,90.0,0
18,5.25,7.6,25.9,1,1,2,1,95.1,0
7,4.06,8.4,3.6,2,0,1,0,84.6,0
17,1.32,29.1,17.4,3,1,1,0,100.0,0
12,7.24,35.3,36.2,0,0,3,0,66.8,1
1,4.51,11.7,22.4,2,1,0,1,76.2,0
10,2.49,102.7,11.6,5,0,0,0,100.0,0
11,7.06,52.8,0.1,5,1,0,0,100.0,0
6,0.72,28.3,31.8,1,1,1,0,100.0,0
8,2.72,45.6,1.7,0,0,0,0,100.0,0
12,4.43,11.5,7.7,1,1,1,1,96.3,0
1,2.92,80.1,10.4,1,0,2,0,41.1,1
3,3.97,25.5,15.0,3,0,1,0,66.4,1
18,2.34,39.8,5.0,2,1,0,0,100.0,0
8,1.3,69.6,67.2,3,1,0,0,100.0,0
14,0.58,12.4,17.4,4,0,0,1,100.0,0
13,1.51,1.2,29.4,2,0,3,0,86.7,0
13,7.64,19.0,64.7,1,0,0,0,99.9,0
9,4.73,113.5,5.0,2,0,0,0,100.0,0
11,4.06,13.5,16.7,4,0,0,0,92.2,0
19,3.26,49.8,7.5,1,0,1,0,53.5,1
23,5.75,70.1,19.1,2,1,0,1,59.1,1
6,1.39,14.3,0.8,5,0,1,1,99.9,0
16,2.43,74.1,0.4,2,0,2,0,100.0,0
23,5.35,147.0,11.9,3,0,4,1,7.6,1
0,3.99,4.3,4.6,2,0,0,0,65.1,1
18,6.23,25.4,6.4,1,1,1,0,100.0,0
11,7.21,3.4,0.7,2,1,2,0,67.6,0
23,6.64,100.0,26.3,1,1,1,0,57.7,1
13,1.72,70.1,53.0,4,0,0,0,99.2,0
20,1.0,12.9,14.6,3,1,1,1,95.9,0
3,1.6,48.6,19.5,3,1,2,0,59.4,1
3,6.33,26.2,11.4,0,0,1,0,41.2,1
22,7.34,16.2,11.1,1,1,1,0,53.7,1
12,7.43,59.8,11.9,5,0,0,0,97.1,0
13,2.6,14.9,4.9,1,1,1,1,96.5,0
4,6.77,26.2,10.4,1,1,1,0,59.2,1
5,4.43,13.9,7.0,5,0,2,0,96.0,0
19,6.64,56.1,27.9,0,1,0,0,92.9,0
7,4.52,16.2,19.9,2,1,1,0,100.0,0
14,1.42,23.4,13.2,3,1,2,0,100.0,0
7,0.91,38.4,3.2,5,0,1,1,93.7,0
6,7.67,18.6,14.8,2,1,3,1,73.8,0
3,3.58,27.0,0.3,1,1,1,0,66.4,1
22,3.0,224.8,14.2,4,0,1,0,61.6,1
22,3.04,32.8,5.4,1,1,1,1,73.1,0
2,3.22,23.6,4.6,3,0,1,0,71.9,0
8,7.58,48.3,7.3,0,0,0,0,88.1,0
13,0.78,82.5,4.6,2,1,1,0,100.0,0
9,1.22,55.8,6.4,1,0,1,1,80.8,0
17,6.38,115.6,7.0,3,0,0,0,100.0,0
6,4.53,73.3,27.1,3,0,1,0,87.3,0
1,1.29,17.4,4.1,3,0,0,1,86.2,0
8,0.57,22.6,18.1,2,0,2,0,95.5,0
14,2.03,6.5,33.2,5,1,0,0,100.0,0
4,2.31,81.2,22.5,2,0,2,1,45.0,1
19,0.41,3.4,53.8,3,1,1,0,87.2,0
0,1.96,90.4,15.1,1,0,0,0,52.2,1
1,5.99,24.6,92.8,1,0,0,0,43.1,1
12,6.89,59.0,6.7,2,1,1,1,80.8,0
12,7.22,9.7,12.4,3,0,1,1,74.2,0
7,3.3,13.3,52.8,2,0,0,0,100.0,0
6,2.76,150.3,0.7,0,1,1,1,67.9,0
1,8.0,71.5,2.9,2,0,0,0,36.9,1
15,6.22,10.6,0.6,5,1,1,0,100.0,0
9,4.44,10.5,66.4,2,0,2,1,81.0,0
2,2.26,83.2,18.1,2,1,1,0,64.2,1
9,2.77,21.3,0.3,2,0,1,0,92.7,0
22,4.27,234.4,1.2,1,1,1,0,71.6,0
6,4.47,30.9,10.0,5,0,0,1,100.0,0
21,0.41,187.3,18.3,2,0,1,1,70.5,0
6,7.69,20.1,7.4,1,1,1,1,94.5,0
4,4.73,103.5,16.7,3,0,1,0,52.2,1
6,4.84,11.1,17.5,0,0,3,0,47.7,1
7,1.93,70.1,33.8,3,1,0,0,100.0,0
2,6.19,150.3,12.1,0,0,0,1,27.7,1
14,5.98,36.8,1.0,1,1,1,1,76.3,0
8,1.03,17.1,2.6,3,0,1,0,100.0,0
17,4.88,36.4,8.0,3,0,2,1,93.8,0
11,5.37,16.0,15.2,6,0,1,1,100.0,0
10,6.73,85.6,20.7,0,1,2,0,87.4,0
11,1.89,4.2,42.3,4,1,0,0,100.0,0
3,7.06,9.5,30.6,4,0,3,1,35.4,1
17,3.85,9.2,5.6,3,1,1,0,100.0,0
2,1.04,36.2,45.4,3,0,0,0,68.2,0
17,1.11,6.8,51.6,5,0,2,0,97.3,0
23,1.82,6.6,2.0,3,0,0,1,68.8,0
18,2.48,74.9,26.5,1,1,1,0,79.6,0
10,4.12,6.2,3.5,7,0,2,0,100.0,0
7,6.07,58.8,47.5,1,1,0,0,100.0,0
20,1.74,12.9,10.7,1,1,1,0,83.3,0
6,7.94,1.6,8.8,0,0,2,0,74.1,0
11,1.54,17.5,5.0,5,0,0,0,100.0,0
18,4.92,55.2,14.6,1,0,0,0,83.9,0
22,7.45,21.6,11.0,5,0,0,0,80.9,0
22,6.71,6.0,12.7,1,1,1,1,38.8,1
2,5.29,38.3,34.5,0,1,1,0,69.6,0
21,5.81,71.9,2.9,5,1,2,1,79.3,0
2,1.33,33.3,6.4,2,1,0,0,80.7,0
14,0.37,231.0,11.8,2,1,0,0,100.0,0
22,3.64,51.0,14.0,0,0,3,0,24.6,1
15,0.99,39.3,5.1,2,0,1,0,100.0,0
22,3.05,20.5,10.0,3,1,1,0,63.8,1
8,2.02,31.1,27.0,2,0,0,0,84.3,0
7,7.36,27.0,173.9,3,1,0,0,100.0,0
7,7.08,99.1,0.3,2,1,0,1,100.0,0
8,6.61,13.1,62.8,1,0,3,0,51.9,1
16,5.8,124.6,6.4,4,0,0,1,91.7,0
10,1.49,45.0,12.6,3,0,0,0,100.0,0
17,0.67,69.4,22.7,1,1,1,0,94.6,0
9,5.33,93.7,29.2,0,1,0,0,90.4,0
7,5.25,69.5,122.3,5,0,0,1,98.2,0
4,3.14,30.2,58.0,5,0,2,0,44.7,1
13,3.94,0.3,3.0,4,1,3,0,100.0,0
21,4.07,232.0,3.5,0,1,1,1,88.9,0
20,2.15,11.9,18.4,6,0,0,0,91.8,0
6,2.72,7.9,4.2,3,1,2,0,100.0,0
11,3.52,62.9,27.3,0,0,0,0,91.3,0
16,4.94,58.7,63.1,2,0,0,0,100.0,0
14,7.66,9.4,4.3,0,0,1,1,71.6,0
1,4.45,180.4,2.9,3,1,0,1,69.1,0
14,5.93,76.0,9.1,2,0,0,0,98.3,0
0,6.51,98.7,22.2,1,1,3,1,47.5,1
2,1.17,9.4,66.2,2,1,1,0,69.1,0
15,5.33,6.2,4.9,2,1,1,1,95.9,0
2,4.01,59.0,14.2,3,1,1,1,72.4,0
8,4.71,11.1,41.3,3,0,3,0,79.9,0
14,0.6,18.5,22.1,4,1,0,0,100.0,0
15,7.28,126.7,35.6,1,0,0,0,81.9,0
10,7.64,1.5,18.3,1,0,1,1,78.6,0
2,0.33,100.8,2.4,2,0,3,1,28.8,1
19,1.94,22.8,21.5,2,0,0,0,89.8,0
22,1.69,36.8,4.1,1,1,2,0,49.0,1
21,6.32,96.4,58.1,0,0,0,0,80.2,0
17,4.91,81.8,16.3,0,1,0,0,95.9,0
9,1.67,216.8,3.8,3,0,1,0,88.9,0
21,6.57,228.9,28.6,0,0,3,0,18.4,1
11,3.02,31.1,28.9,1,0,1,0,93.8,0
3,3.85,16.4,29.2,2,1,0,1,84.1,0
20,3.28,15.4,21.7,4,1,1,0,100.0,0
7,4.31,71.4,30.2,2,0,0,1,100.0,0
22,4.0,27.8,35.0,2,0,2,0,43.5,1
8,2.41,32.5,30.8,4,0,0,1,100.0,0
20,3.57,66.1,35.6,2,1,2,0,73.0,0
12,7.29,73.0,1.5,3,1,1,0,100.0,0
11,4.17,34.7,2.0,3,0,0,1,94.2,0
7,7.36,75.1,45.8,5,1,0,0,100.0,0
20,4.54,43.6,28.2,3,0,0,0,81.0,0
1,6.22,16.5,28.8,1,1,1,1,53.1,1
11,2.56,21.5,11.7,1,0,0,0,88.6,0
8,6.39,79.4,2.9,1,1,0,1,100.0,0
13,2.34,6.1,40.3,3,1,0,0,100.0,0
6,0.45,89.5,26.1,2,1,1,0,100.0,0
15,1.54,21.0,39.3,4,0,1,0,100.0,0
9,0.47,5.9,44.6,7,0,0,0,100.0,0
4,7.59,184.2,10.4,2,0,1,0,43.7,1
4,8.0,58.8,70.5,2,0,1,0,60.5,1
16,6.17,0.3,6.5,3,1,0,0,100.0,0
6,1.13,7.8,10.5,2,0,0,1,100.0,0
7,7.22,45.4,29.8,1,1,0,1,93.5,0
15,6.03,2.6,21.2,0,1,1,1,93.4,0
7,2.86,20.0,3.5,2,0,0,1,89.5,0
9,4.17,33.0,3.1,1,0,1,0,73.3,0
5,5.4,102.5,29.9,2,0,0,0,81.1,0
8,0.49,21.5,11.6,2,1,0,0,99.3,0
16,4.16,47.2,14.8,4,0,0,1,95.3,0
12,5.94,65.3,1.8,3,0,0,0,96.6,0
23,1.75,9.5,60.9,3,0,1,1,65.2,1
18,3.72,48.0,1.5,3,0,2,0,92.6,0
0,4.4,38.7,3.8,4,1,0,0,76.3,0
9,5.96,41.9,1.9,1,1,0,0,100.0,0
6,7.73,9.5,3.8,3,0,4,1,58.4,1
14,6.83,41.8,2.7,0,1,2,0,87.6,0
6,5.09,8.0,4.6,2,0,0,0,100.0,0
23,4.79,36.2,20.5,0,0,2,0,32.1,1
7,4.94,197.8,7.2,6,0,1,1,91.0,0
12,4.5,14.0,9.0,2,0,0,0,100.0,0
2,0.76,94.3,0.8,3,1,0,0,91.4,0
21,5.68,16.5,20.6,2,1,1,1,96.3,0
21,5.82,57.5,48.6,3,1,0,0,100.0,0
19,4.25,36.6,28.4,2,1,0,0,81.9,0
8,7.0,131.9,6.5,2,1,2,0,88.1,0
1,5.48,19.5,18.1,0,1,1,1,63.1,1
17,3.09,177.3,27.4,4,1,2,0,88.1,0
10,0.45,18.1,25.1,3,1,0,0,100.0,0
23,0.76,89.8,33.1,1,0,1,0,60.6,1
16,3.01,52.2,1.3,1,1,2,0,79.5,0
12,3.86,19.6,32.9,5,1,3,0,88.2,0
23,1.58,82.0,12.7,0,0,0,1,55.1,1
19,1.76,404.6,4.9,3,1,1,1,82.3,0
11,2.07,47.4,29.7,1,0,0,0,95.0,0
0,6.31,96.2,19.0,4,0,0,1,60.8,1
2,6.24,13.4,94.2,5,0,0,0,67.8,0
10,3.25,50.7,12.9,1,1,0,0,96.1,0
13,1.63,112.5,67.1,2,1,0,1,100.0,0
0,1.15,248.1,8.4,2,0,0,0,64.3,1
3,0.97,13.9,1.3,2,0,0,0,67.2,1
16,3.31,73.8,43.6,1,0,1,0,89.6,0
18,0.65,15.6,33.4,5,1,0,1,100.0,0
0,2.87,1.2,61.2,1,1,0,0,59.3,1
12,7.7,24.8,15.0,3,0,0,1,98.2,0
1,4.21,135.5,24.0,6,1,0,0,80.1,0
17,6.63,16.9,1.0,0,0,1,0,84.2,0
20,1.3,13.6,77.0,1,0,0,1,81.1,0
20,2.36,47.2,1.5,2,1,3,0,60.6,1
14,7.59,40.0,23.7,6,1,1,0,100.0,0
15,3.25,20.8,2.4,1,1,1,0,92.6,0
22,5.29,0.9,74.5,1,0,0,1,58.8,1
14,7.82,23.6,56.9,1,1,0,1,100.0,0
10,4.54,40.8,2.5,2,0,1,0,82.6,0
18,2.65,29.4,2.8,5,0,1,0,100.0,0
14,4.4,6.5,5.5,0,1,1,0,100.0,0
20,0.72,6.8,53.6,2,1,1,0,90.9,0
12,1.17,4.5,5.5,2,1,0,1,100.0,0
20,0.36,8.4,17.9,4,0,0,0,97.6,0
1,7.11,22.9,19.0,1,0,1,1,51.9,1
0,5.47,7.0,0.4,1,1,0,0,57.5,1
2,2.6,92.6,3.6,0,0,0,0,68.9,0
13,2.0,14.0,16.5,2,1,1,0,100.0,0
17,5.56,7.3,5.6,0,0,0,0,93.6,0
5,7.38,89.8,4.9,1,1,1,0,100.0,0
3,2.6,19.0,0.8,0,1,0,0,79.0,0
20,2.78,23.0,6.5,3,1,1,0,99.9,0
18,6.88,8.6,8.9,1,0,1,0,85.8,0
15,7.18,31.6,0.7,4,1,1,0,100.0,0
11,7.34,57.4,16.8,3,1,1,1,96.2,0
10,2.56,15.2,11.9,2,0,0,0,100.0,0
0,1.23,6.6,2.9,0,0,0,0,67.4,0
4,3.69,9.8,20.5,3,1,1,0,67.3,1
21,2.58,227.7,30.4,2,1,1,0,100.0,0
8,7.11,18.8,14.8,1,0,1,0,81.2,0
16,0.58,137.4,4.1,2,1,1,1,100.0,0
16,5.18,13.7,20.5,1,1,0,1,100.0,0
7,7.28,249.3,21.0,1,1,0,1,86.6,0
4,7.82,29.1,2.1,3,0,0,1,62.9,1
16,5.31,51.4,3.5,4,0,0,1,100.0,0
2,7.61,5.0,0.3,4,0,1,0,62.5,1
11,0.88,32.9,2.9,1,0,1,0,100.0,0
21,3.07,36.5,4.3,2,0,2,0,58.1,1
17,0.37,231.8,10.9,3,1,1,0,94.9,0
18,7.86,119.7,63.4,1,0,1,0,85.5,0
1,7.25,44.0,5.0,1,1,0,0,57.4,1
4,0.52,116.5,15.1,4,0,1,0,64.7,1
6,0.44,2.6,30.6,2,1,1,0,100.0,0
7,3.13,213.0,0.1,3,0,0,0,89.2,0
4,2.29,53.3,38.3,3,0,0,0,55.1,1
23,6.82,122.2,6.6,2,0,1,0,53.9,1
3,1.54,44.5,16.9,2,0,1,0,56.7,1
16,6.39,169.8,42.0,3,0,0,0,94.2,0
14,4.57,90.0,3.9,2,0,1,0,84.4,0
14,3.21,160.9,8.3,2,1,0,0,99.9,0
5,1.42,81.7,1.4,3,0,0,0,98.0,0
7,7.98,55.4,20.9,2,1,1,0,100.0,0
14,5.06,81.2,14.6,3,0,0,0,100.0,0
7,3.68,87.8,14.7,2,1,1,0,91.2,0
16,3.16,83.7,12.3,2,0,0,0,100.0,0
0,7.27,150.9,3.0,3,0,0,0,60.6,1
1,6.62,120.7,4.2,4,1,3,0,60.1,1
17,6.55,152.7,32.9,5,0,1,0,88.2,0
14,5.04,22.8,15.0,2,0,1,0,90.4,0
1,7.14,203.4,36.6,3,0,0,0,53.4,1
21,2.6,39.5,9.1,3,1,0,0,99.0,0
0,5.72,14.2,46.7,2,0,1,0,66.3,1
22,3.41,12.7,14.0,1,1,2,0,37.4,1
17,4.92,36.9,9.4,4,0,0,0,100.0,0
23,7.99,12.7,8.6,4,0,0,0,50.4,1
22,7.88,28.1,21.0,2,1,3,0,65.6,1
7,4.25,139.2,0.4,1,1,1,1,90.7,0
18,4.72,11.4,21.1,1,1,1,1,100.0,0
5,7.21,57.8,1.5,3,1,0,0,97.0,0
11,7.89,47.1,25.2,5,1,1,0,100.0,0
5,6.3,4.8,61.4,1,0,0,0,100.0,0
11,0.8,26.1,7.5,0,1,1,0,98.1,0
20,2.78,71.9,13.4,3,0,1,0,68.8,0
10,7.2,98.6,50.1,2,0,1,0,71.8,0
2,6.22,46.9,3.3,1,0,2,0,44.4,1
7,6.02,51.3,76.8,3,1,0,0,100.0,0
18,5.44,134.6,42.1,4,0,1,0,86.9,0
12,3.5,114.8,7.5,2,0,1,0,90.1,0
13,3.4,13.5,15.1,3,1,2,0,97.4,0
10,6.53,23.9,14.1,3,1,0,0,100.0,0
7,2.56,63.3,37.2,2,0,1,0,84.8,0
14,5.57,43.9,11.1,3,1,0,0,100.0,0
15,5.89,63.4,18.9,2,1,2,0,75.1,0
21,6.8,43.0,2.7,1,1,1,0,86.8,0
14,2.76,62.3,23.5,2,0,1,0,97.0,0
23,6.01,44.8,6.4,1,0,1,0,52.3,1
19,1.12,20.2,13.3,4,0,0,0,100.0,0
1,1.36,155.7,16.1,1,1,0,0,63.0,1
9,3.51,5.7,0.6,2,0,0,1,100.0,0
9,0.73,30.4,5.8,0,1,0,0,96.0,0
0,7.6,52.6,43.9,2,0,1,1,50.8,1
4,7.24,125.8,10.2,5,0,0,0,61.5,1
18,0.68,42.5,16.3,2,0,2,0,63.3,1
8,6.76,1.1,1.7,3,0,0,1,91.6,0
3,4.22,117.9,85.1,4,0,1,0,50.5,1
6,5.71,85.9,58.5,4,1,1,0,91.8,0
6,7.13,41.4,13.7,0,1,2,0,83.8,0
4,4.74,45.2,0.6,1,0,1,0,51.1,1
2,1.2,26.2,35.3,3,1,0,0,88.6,0
18,0.32,156.2,10.0,2,1,1,0,100.0,0
19,4.13,8.6,5.8,1,1,1,0,82.4,0
11,7.61,68.1,14.2,0,0,2,0,69.2,0
14,4.71,46.4,59.1,2,0,0,1,88.7,0
22,3.17,57.9,8.2,4,1,2,1,63.0,1
20,0.54,64.7,4.2,3,0,0,1,94.0,0
0,7.35,114.4,41.1,2,1,1,1,47.7,1
22,2.82,4.0,13.6,1,0,0,0,70.9,0
1,5.73,113.6,9.0,0,1,0,0,61.6,1
0,5.65,29.0,13.6,2,0,1,0,45.6,1
9,2.25,110.9,8.1,3,0,0,0,97.8,0
17,0.79,28.3,12.1,3,0,0,0,100.0,0
1,3.26,72.2,27.5,3,0,2,0,67.1,1
7,2.74,15.0,4.2,2,1,0,0,100.0,0
6,5.69,164.8,8.1,2,1,2,0,66.8,1
9,6.61,76.9,28.1,0,1,1,0,89.9,0
23,2.01,0.9,9.3,2,0,0,0,70.8,0
7,4.37,4.3,26.8,5,0,1,0,100.0,0
5,0.61,18.0,2.6,4,1,1,0,100.0,0
2,1.95,51.5,13.9,2,0,2,0,56.3,1
4,6.17,26.4,1.3,1,0,1,0,45.6,1
3,6.41,9.9,14.8,2,1,0,0,71.0,0
13,6.28,61.3,1.4,4,0,0,1,100.0,0
10,1.4,51.1,10.1,0,0,2,0,100.0,0
11,4.54,112.5,21.8,2,0,0,0,100.0,0
19,3.55,22.0,14.1,3,1,3,0,85.6,0
13,7.93,55.7,20.7,4,0,0,0,100.0,0
3,5.34,145.5,11.3,0,0,2,0,38.2,1
9,7.5,138.6,1.3,5,1,1,1,100.0,0
7,1.42,7.2,53.9,1,0,1,0,84.2,0
19,3.77,104.4,1.0,1,0,1,0,81.3,0
7,6.24,11.7,13.8,2,0,1,0,93.2,0
3,3.13,10.8,32.6,7,0,0,0,84.1,0
17,5.17,0.6,3.4,5,1,0,1,100.0,0
10,4.24,153.7,40.7,5,0,0,0,100.0,0
2,7.94,22.4,6.1,1,1,1,0,50.3,1
16,1.64,38.8,1.1,3,0,1,1,84.6,0
5,7.5,67.0,0.1,3,1,1,0,100.0,0
20,3.39,0.8,2.7,2,0,0,1,92.0,0
19,3.9,45.6,30.6,1,0,1,0,79.8,0
8,4.37,13.9,12.1,1,0,0,1,87.8,0
13,2.34,34.1,14.2,0,1,1,0,96.5,0
13,7.72,40.8,11.6,1,0,0,0,100.0,0
15,7.32,6.1,15.4,2,1,1,0,91.4,0
1,7.79,116.8,2.9,2,0,1,0,43.8,1
7,7.98,187.6,4.2,1,0,1,0,87.7,0
4,5.46,13.5,33.2,4,0,0,0,68.9,0
16,3.78,84.3,5.0,1,1,0,0,100.0,0
1,6.85,30.6,3.5,5,1,0,1,68.2,0
12,0.48,9.8,31.3,1,1,0,1,100.0,0
17,6.72,95.0,24.5,2,0,0,0,94.2,0
22,4.13,72.7,30.7,1,0,1,0,44.6,1
6,5.48,215.6,1.6,1,0,1,0,68.2,0
0,3.18,7.4,2.3,5,0,0,0,78.1,0
17,3.14,22.2,17.5,1,1,1,0,96.9,0
0,0.54,69.6,12.9,1,1,1,0,71.5,0
1,3.56,24.7,8.7,3,0,0,0,74.9,0
23,3.44,79.0,20.7,2,1,2,1,55.3,1
20,2.03,16.8,41.6,4,1,0,0,99.1,0
16,2.2,17.9,20.8,2,1,2,1,87.9,0
20,4.8,76.8,54.8,3,0,0,1,87.8,0
1,2.75,21.1,5.7,3,1,1,0,66.7,1
2,6.69,42.6,4.2,1,0,0,0,61.5,1
7,1.16,11.5,3.1,2,0,0,0,100.0,0
0,4.75,22.4,29.4,2,0,0,0,58.0,1
21,1.53,12.8,44.8,1,1,0,0,85.9,0
1,4.37,70.3,21.0,2,1,0,0,71.1,0
13,4.55,107.6,1.2,1,0,0,1,74.3,0
20,5.25,17.4,4.9,0,1,0,1,100.0,0
17,3.59,19.3,0.5,0,1,1,1,84.2,0
5,4.22,79.6,70.2,3,1,1,1,100.0,0
11,1.69,111.0,7.9,4,0,0,0,100.0,0
13,3.87,43.8,2.0,3,0,2,0,87.2,0
18,3.17,23.1,19.4,2,0,1,1,90.1,0
10,5.43,26.9,5.1,4,0,0,1,100.0,0
6,3.65,155.6,56.2,1,1,0,1,100.0,0
19,6.3,15.6,19.4,3,1,0,1,100.0,0
21,3.58,14.9,21.7,3,1,1,1,91.1,0
11,2.12,106.3,15.2,2,0,3,1,68.7,0
0,2.41,28.9,3.1,4,1,0,0,82.3,0
12,0.65,173.0,1.6,5,0,0,0,100.0,0
21,4.46,194.1,9.9,2,1,1,0,73.4,0
23,6.7,14.0,49.5,1,1,1,1,46.3,1
9,6.22,83.9,0.2,3,0,1,0,100.0,0
3,3.67,8.0,75.2,1,1,2,0,41.0,1
13,1.81,69.5,17.8,2,1,2,0,90.1,0
19,6.95,116.5,5.4,2,1,2,0,84.5,0
22,0.74,40.8,22.8,3,0,0,0,63.9,1
1,3.37,16.7,6.3,4,1,2,1,73.6,0
6,6.9,9.5,1.9,1,1,0,0,100.0,0
11,3.33,35.9,9.5,2,1,1,0,88.8,0
2,1.21,12.8,5.3,0,0,0,1,58.4,1
21,2.35,52.8,57.8,1,0,0,1,86.6,0
2,4.92,38.7,6.0,2,1,0,1,77.8,0
15,1.47,94.2,6.4,2,0,1,0,83.3,0
22,5.34,75.4,7.5,2,1,1,0,75.7,0
16,3.67,56.9,19.3,3,0,0,0,100.0,0
18,2.87,25.6,16.8,1,0,1,0,90.3,0
6,2.16,157.0,43.4,2,0,0,0,70.9,0
19,6.64,113.9,24.1,0,1,1,0,85.5,0
10,3.35,122.7,1.6,1,0,0,0,100.0,0
1,5.99,8.8,50.8,1,1,1,1,61.3,1
8,3.69,1.7,1.4,1,1,1,0,100.0,0
8,1.01,80.8,3.1,2,0,0,0,100.0,0
12,3.69,25.1,2.9,2,1,1,0,100.0,0
6,4.21,25.9,37.0,2,0,1,0,82.1,0
11,3.83,7.6,33.1,3,0,1,1,91.5,0
10,6.59,74.6,28.1,3,0,2,1,86.4,0
7,7.31,138.9,74.0,2,0,1,1,78.3,0
16,6.36,287.3,2.6,1,0,0,0,87.0,0
7,4.79,251.8,0.3,1,1,0,0,87.8,0
18,4.47,134.5,1.8,4,0,1,0,88.2,0
6,5.26,13.4,4.9,4,0,2,0,84.2,0
20,2.52,21.0,19.8,4,1,0,1,100.0,0
8,6.55,5.2,22.1,2,1,1,0,96.2,0
0,6.9,40.9,0.3,0,1,0,1,73.6,0
3,2.36,107.1,30.5,6,1,0,0,80.4,0
19,7.25,2.8,25.7,0,0,0,0,64.7,1
20,6.84,264.9,5.6,0,1,1,1,83.6,0
5,3.57,9.4,48.4,6,0,3,0,85.0,0
14,7.3,15.8,30.8,3,0,0,1,98.5,0
13,1.23,68.2,6.4,3,0,0,0,99.0,0
3,0.52,44.8,1.4,3,0,0,0,80.6,0
10,2.98,130.9,10.6,3,0,2,1,86.6,0
16,4.65,78.0,15.5,1,0,1,0,83.4,0
23,3.01,3.2,2.5,4,0,1,1,60.4,1
20,7.55,124.6,9.8,3,1,0,1,89.2,0
2,2.26,87.1,34.9,4,0,2,0,46.8,1
5,2.47,61.2,14.1,2,0,0,1,92.0,0
10,5.19,2.7,33.0,4,0,1,1,99.4,0
3,0.33,83.1,7.3,3,1,0,1,80.3,0
13,5.9,43.8,35.6,2,0,1,0,82.1,0
0,3.21,69.3,7.3,4,0,1,0,72.7,0
2,7.83,116.0,34.1,2,0,1,0,55.4,1
1,5.62,97.0,17.0,6,1,0,0,96.9,0
7,0.7,82.9,2.0,1,0,0,0,88.9,0
18,1.01,61.8,8.6,3,1,2,0,79.9,0
4,0.98,32.5,29.7,1,0,0,0,70.9,0
23,7.64,90.6,4.8,5,1,1,0,69.6,0
6,5.57,36.9,30.7,1,0,0,0,81.8,0
1,3.59,86.5,2.0,5,0,0,0,88.4,0
8,1.84,98.5,2.0,1,1,0,0,100.0,0
17,7.03,28.6,11.3,3,1,1,0,90.7,0
2,1.85,54.8,19.6,3,0,0,1,71.1,0
1,5.74,38.4,33.8,4,0,0,1,68.2,0
20,6.18,45.3,25.4,3,0,0,0,74.0,0
14,2.57,9.0,22.9,1,0,1,0,93.2,0
8,4.19,164.1,21.1,3,0,2,0,85.5,0
18,2.02,79.8,6.2,3,1,1,1,100.0,0
20,3.22,3.6,33.6,0,1,0,0,72.5,0
8,7.73,35.9,7.9,2,1,1,0,91.4,0
13,5.64,53.7,12.3,1,1,3,0,71.9,0
0,6.82,49.3,31.2,2,0,1,0,47.3,1
7,4.46,144.3,4.1,1,1,0,0,100.0,0
14,2.14,151.3,8.0,3,0,0,0,97.2,0
4,5.79,148.6,6.6,2,1,1,0,64.9,1
23,4.15,166.4,122.4,0,1,1,0,46.4,1
23,1.66,51.4,24.5,0,1,1,0,62.6,1
6,3.48,21.4,6.4,4,1,0,0,100.0,0
9,5.19,19.9,3.9,2,1,2,0,75.6,0
4,5.96,104.1,5.1,5,0,0,1,78.9,0
12,2.17,16.7,30.0,6,1,0,0,100.0,0
2,7.05,44.6,8.8,4,0,1,1,60.2,1
9,3.22,39.3,4.6,3,0,0,0,98.4,0
13,2.39,166.3,33.6,2,1,1,0,93.0,0
14,1.8,19.6,13.3,4,0,1,1,100.0,0
14,6.49,66.5,28.3,1,0,1,0,86.9,0
5,3.03,32.8,31.1,4,1,0,0,100.0,0
19,4.02,49.0,13.5,2,1,1,1,79.9,0
16,2.02,49.1,37.7,2,0,0,0,95.0,0
18,5.58,56.3,5.8,2,1,1,1,68.8,0
11,6.31,38.4,0.7,3,1,2,0,88.9,0
21,2.91,69.3,8.8,3,1,0,0,100.0,0
9,7.58,29.8,10.0,1,1,1,1,79.6,0
19,0.54,5.5,19.9,1,0,0,0,81.1,0
4,1.32,101.5,14.6,0,0,2,0,41.6,1
5,4.83,13.9,42.4,2,0,0,0,100.0,0
12,5.7,37.1,51.8,1,1,2,1,81.8,0
13,2.23,13.5,17.4,3,0,2,1,74.7,0
17,4.57,187.9,37.4,2,0,2,0,68.3,0
7,2.75,302.1,56.1,3,0,1,0,69.7,0
20,4.57,160.6,18.2,1,0,1,0,54.8,1
7,5.38,69.1,9.5,2,0,0,0,95.1,0
12,7.79,11.6,32.0,3,1,1,1,100.0,0
22,3.81,195.1,38.1,2,0,0,0,65.5,1
12,5.29,15.6,43.3,2,0,0,0,100.0,0
16,4.75,81.9,1.9,2,1,2,0,77.1,0
21,2.75,31.9,13.6,1,1,0,0,88.6,0
23,2.25,5.6,11.4,0,0,0,0,63.0,1
11,7.91,48.5,28.7,0,0,3,0,64.3,1
10,1.89,33.8,13.6,1,0,0,1,85.5,0
4,6.39,0.1,57.1,0,0,0,1,57.6,1
12,1.43,41.9,43.5,3,0,0,0,100.0,0
22,6.49,72.3,0.2,3,1,1,0,79.7,0
11,1.73,44.6,21.3,1,0,2,0,78.4,0
8,7.75,15.0,11.7,3,1,2,1,97.7,0
2,5.58,54.2,6.5,3,0,0,0,58.6,1
9,0.99,35.6,28.9,2,1,1,1,100.0,0
5,5.64,37.3,10.1,2,0,1,0,100.0,0
23,4.95,94.8,10.9,1,1,0,1,67.7,0
12,2.9,27.7,11.8,3,0,1,0,100.0,0
3,2.31,20.6,28.7,3,1,0,0,82.4,0
1,5.83,43.4,12.7,2,1,0,0,63.7,1
20,6.01,32.3,1.0,4,0,0,1,91.1,0
22,2.82,4.1,29.4,1,1,0,0,79.3,0
18,7.05,29.1,20.3,7,1,1,1,100.0,0
2,2.37,161.1,2.9,3,0,0,0,71.7,0
2,0.84,124.9,7.3,1,1,0,0,68.0,0
4,4.92,225.9,13.7,1,1,1,0,51.4,1
18,1.12,69.9,30.2,3,1,2,0,100.0,0
18,2.43,210.5,5.4,0,1,0,1,100.0,0
20,4.21,32.5,57.1,1,1,1,0,82.6,0
2,2.5,59.1,5.1,3,1,3,1,47.9,1
3,1.96,150.5,4.3,1,0,0,0,45.1,1
21,5.71,85.9,53.8,1,0,0,1,81.9,0
22,4.51,32.6,45.6,2,1,0,0,82.0,0
17,6.77,71.1,5.5,3,0,1,0,82.4,0
2,4.78,17.2,18.0,3,1,1,0,68.9,0
1,4.02,39.9,29.6,4,1,0,0,84.3,0
1,2.31,21.1,0.4,1,0,2,0,41.9,1
16,6.4,59.3,12.9,0,0,1,0,68.3,0
20,1.82,19.9,26.6,1,1,2,0,67.1,1
15,2.17,71.8,65.8,1,1,0,0,100.0,0
6,6.78,105.7,21.6,1,0,0,0,85.6,0
18,6.01,22.3,3.4,3,1,2,1,82.0,0
1,5.02,105.2,0.1,5,0,1,0,69.0,0
19,0.6,67.1,2.8,1,0,1,0,73.6,0
21,1.28,88.5,30.4,2,1,0,0,100.0,0
17,4.15,227.3,17.0,1,0,0,1,93.7,0
21,6.05,99.0,14.2,2,0,0,1,74.4,0
14,3.87,49.5,36.1,0,0,1,1,69.6,0
11,0.43,69.7,14.8,1,1,1,0,93.2,0
7,1.72,31.8,1.7,3,0,2,0,100.0,0
22,4.83,135.6,13.5,1,1,1,1,43.4,1
16,5.65,55.0,47.2,3,1,1,0,94.4,0
4,0.56,85.7,2.3,2,1,1,0,60.1,1
22,0.63,421.2,155.5,0,1,0,0,53.3,1
1,2.31,29.0,37.1,1,1,0,1,61.9,1
14,0.94,82.2,3.8,2,1,2,0,89.0,0
4,4.47,92.0,2.9,4,0,1,0,74.6,0
15,1.25,57.3,33.6,4,0,3,1,74.9,0
9,5.29,78.6,80.6,1,0,2,0,78.5,0
10,6.28,121.2,0.1,2,0,1,0,85.9,0
16,7.77,208.6,18.4,2,1,0,0,78.7,0
18,7.6,18.2,13.0,2,0,1,0,86.0,0
9,2.4,35.8,6.9,1,0,1,0,90.5,0
23,0.53,2.9,5.0,0,1,1,0,78.6,0
11,2.84,20.0,2.5,2,0,0,1,97.4,0
3,5.76,50.9,8.4,2,0,0,1,62.1,1
0,0.76,82.3,37.2,0,0,1,0,67.2,1
4,3.07,66.3,1.9,6,0,0,0,88.7,0
16,2.59,6.9,49.8,6,0,2,0,85.9,0
12,1.99,1.9,20.8,2,0,1,0,82.6,0
8,5.74,144.2,1.2,4,0,1,0,93.0,0
11,5.38,35.2,26.6,0,1,1,0,81.2,0
20,4.42,28.9,7.8,5,1,2,1,87.0,0
13,7.31,21.5,9.5,2,1,2,0,96.5,0
1,1.09,25.1,18.6,1,0,1,1,33.7,1
1,1.45,23.6,16.9,2,1,2,0,74.0,0
11,3.25,79.0,69.3,1,1,0,0,96.7,0
9,5.35,25.9,28.1,2,1,2,0,95.5,0
20,4.8,69.9,13.3,5,0,0,0,97.6,0
13,0.87,33.3,10.3,1,0,3,1,55.9,1
18,7.68,67.7,7.2,2,0,0,0,95.7,0
14,2.65,84.7,0.5,1,1,3,0,82.7,0
8,3.06,113.1,34.9,1,0,1,0,88.2,0
15,5.1,184.9,7.7,4,0,0,0,96.2,0
14,7.58,97.4,22.6,3,0,0,1,100.0,0
17,5.4,137.5,13.2,3,0,2,0,79.5,0
4,7.65,13.2,27.7,4,0,0,1,68.8,0
15,1.74,23.8,9.2,2,0,0,0,100.0,0
6,5.06,5.9,40.0,0,0,0,0,100.0,0
18,6.68,6.5,12.0,2,0,1,0,88.8,0
19,4.22,60.0,1.2,0,0,1,0,72.2,0
14,3.09,11.1,7.1,0,1,0,1,99.6,0
22,7.88,35.3,14.2,0,1,0,0,84.3,0
12,1.39,68.8,40.8,5,1,0,0,100.0,0
0,3.46,65.2,11.5,5,0,1,0,61.0,1
14,7.02,4.4,0.9,3,0,1,0,100.0,0
18,7.23,1.3,12.8,2,1,1,0,82.4,0
2,7.85,21.1,15.6,1,1,3,0,39.0,1
2,7.11,173.7,13.0,1,0,1,0,45.6,1
6,0.69,2.1,106.1,3,1,2,1,89.7,0
20,7.46,6.1,9.8,2,1,2,0,84.0,0
12,3.6,31.8,28.4,4,0,1,0,85.7,0
23,5.32,14.0,24.6,2,1,0,0,72.8,0
20,3.34,17.7,7.7,2,0,1,1,75.5,0
13,6.57,34.6,1.2,1,0,0,0,85.0,0
16,4.73,214.3,22.5,3,0,1,0,82.8,0
7,6.81,76.1,26.2,3,1,1,1,100.0,0
2,1.79,0.3,20.9,3,1,1,0,74.8,0
9,1.72,30.4,16.2,4,1,1,0,100.0,0
14,3.69,54.9,36.8,2,0,0,0,97.2,0
4,0.34,20.1,9.9,2,1,0,0,93.5,0
5,5.63,174.0,5.4,4,0,0,0,88.7,0
0,2.58,71.6,11.9,1,0,2,1,40.0,1
17,4.59,11.1,45.5,3,0,1,1,93.2,0
21,0.84,2.4,18.8,2,0,2,1,63.9,1
19,1.61,27.7,3.9,3,1,2,0,90.5,0
9,5.1,100.1,3.9,5,1,0,1,100.0,0
14,2.65,55.3,15.9,3,1,1,1,100.0,0
23,1.95,8.5,10.8,1,0,0,0,59.8,1
14,2.06,172.3,2.5,2,0,1,0,91.3,0
7,1.95,4.1,21.8,2,1,0,1,100.0,0
8,5.1,47.0,37.9,2,0,1,0,89.0,0
17,1.59,53.7,6.0,0,1,1,0,96.8,0
10,3.09,175.8,15.7,1,0,2,0,72.1,0
20,5.6,18.7,0.9,0,1,2,0,62.7,1
20,4.26,61.0,5.9,1,1,0,0,84.8,0
0,4.9,21.7,110.0,2,0,4,1,6.3,1
17,2.23,50.4,27.6,3,0,1,0,79.8,0
8,7.48,2.8,2.4,1,0,0,0,100.0,0
12,3.49,62.8,30.7,1,0,1,0,87.3,0
6,2.51,2.6,22.1,2,1,3,1,76.0,0
8,7.26,32.8,14.1,2,1,1,0,100.0,0
7,5.35,12.4,12.8,1,0,1,1,80.7,0
1,5.03,108.0,10.2,0,1,1,0,63.0,1
18,7.13,12.0,1.8,2,0,1,0,90.3,0
3,0.75,18.9,34.9,4,0,3,0,49.8,1
9,6.75,51.2,19.7,5,1,2,0,100.0,0
4,5.52,46.9,6.1,8,1,2,0,46.7,1
3,3.07,55.4,0.6,3,0,1,0,67.4,0
8,2.27,15.3,0.8,3,1,0,0,100.0,0
22,1.11,91.4,1.1,1,0,2,1,58.1,1
22,7.55,100.2,10.5,4,1,1,0,75.5,0
9,1.39,33.2,27.8,3,1,0,0,100.0,0
12,2.3,51.0,6.7,4,0,0,0,100.0,0
23,5.62,159.6,24.7,1,1,1,0,48.3,1
5,5.77,60.9,0.1,3,0,0,0,96.6,0
22,1.54,39.8,8.0,1,1,0,1,80.0,0
2,6.57,25.3,55.8,3,1,1,0,54.1,1
5,4.23,60.5,13.8,0,0,0,0,85.8,0
8,6.83,57.2,11.2,0,0,1,1,89.5,0
0,0.97,154.7,42.7,1,1,1,1,55.8,1
19,0.63,9.7,5.3,1,0,2,1,61.2,1
20,5.2,17.7,1.4,5,1,1,1,97.5,0
9,1.46,23.3,19.8,2,0,2,0,84.9,0
20,4.34,4.4,25.6,2,0,0,0,81.8,0
18,0.41,190.7,15.9,4,0,0,0,100.0,0
19,6.31,120.1,6.1,2,0,1,0,73.6,0
19,7.23,132.2,17.3,1,0,1,0,69.3,0
13,6.76,65.1,18.6,0,0,0,0,80.7,0
2,7.68,61.5,10.9,3,0,0,1,68.4,0
22,7.25,81.0,1.7,3,0,1,1,36.8,1
14,3.72,30.2,41.4,3,1,0,1,100.0,0
21,3.37,15.6,52.9,3,0,2,0,80.8,0
23,7.2,64.3,47.8,2,0,1,0,39.1,1
4,7.44,52.9,17.3,4,0,1,0,55.8,1
9,7.79,145.6,4.4,3,0,0,0,94.1,0
4,6.22,21.2,15.3,3,1,1,0,71.4,0
1,1.86,7.5,5.3,2,1,1,0,75.0,0
23,7.58,146.8,22.3,2,1,0,1,60.9,1
22,7.59,29.2,5.7,0,0,2,1,40.3,1
22,5.43,97.5,29.4,0,0,0,0,36.9,1
21,6.9,54.1,6.2,2,1,0,0,91.0,0
15,4.62,38.5,4.9,2,1,1,0,100.0,0
12,7.57,33.2,10.4,2,1,0,0,100.0,0
23,1.02,230.1,16.1,2,0,1,1,61.0,1
13,6.95,105.1,45.3,5,1,1,0,98.5,0
15,0.73,80.9,5.8,3,1,1,1,100.0,0
5,2.91,24.0,44.0,2,0,1,1,89.0,0
17,1.34,38.7,22.6,3,1,1,1,82.0,0
19,3.99,29.7,19.1,2,0,2,0,84.7,0
16,2.09,218.9,31.4,1,0,0,0,91.0,0
11,7.63,191.8,5.8,1,1,0,1,100.0,0
4,4.61,63.6,8.3,1,0,0,0,66.1,1
0,7.21,175.5,0.4,2,0,0,0,60.2,1
15,2.44,21.3,26.1,1,1,0,0,100.0,0
16,0.5,74.7,2.0,5,1,1,1,100.0,0
18,6.27,72.7,37.8,3,1,0,0,95.2,0
22,5.71,44.0,17.1,3,1,0,0,75.0,0
11,4.5,24.1,28.4,1,1,0,0,97.7,0
19,6.58,122.9,11.1,2,0,0,0,65.6,1
17,6.77,108.2,20.4,2,1,1,0,89.5,0
6,4.83,34.0,0.1,2,0,0,1,100.0,0
20,7.74,13.1,1.0,1,0,0,1,76.8,0
1,5.84,26.2,21.0,2,0,2,0,68.7,0
14,5.51,124.1,18.1,3,0,0,0,100.0,0
22,3.08,83.9,13.7,2,0,1,0,70.3,0
15,0.32,21.9,45.0,0,0,0,0,92.5,0
22,2.16,67.9,3.1,2,1,1,0,77.5,0
1,6.18,6.6,22.5,5,1,0,0,83.7,0
12,5.77,74.1,11.9,3,1,1,0,95.1,0
18,2.85,28.8,26.2,2,1,1,1,100.0,0
15,5.12,74.0,14.6,2,1,0,0,100.0,0
21,1.8,70.0,24.5,3,0,1,0,100.0,0
11,2.33,9.2,10.5,2,1,1,0,100.0,0
16,7.6,86.8,14.6,1,0,1,0,70.9,0
10,3.48,41.5,22.9,3,0,1,1,100.0,0
20,2.19,254.2,5.2,5,1,0,0,100.0,0
2,4.05,64.7,13.3,2,1,3,0,55.8,1
6,3.28,44.3,35.9,2,0,0,0,100.0,0
2,5.92,19.8,15.5,1,1,0,1,77.1,0
16,7.71,49.4,1.6,2,1,0,0,100.0,0
5,4.86,16.3,6.4,1,1,0,0,100.0,0
7,4.85,65.0,47.2,4,1,0,1,100.0,0
20,3.11,92.0,6.9,0,0,0,0,83.6,0
8,4.65,64.6,16.5,3,1,1,0,100.0,0
3,2.76,131.6,23.7,5,1,0,1,87.3,0
0,0.31,6.9,22.4,1,0,1,0,50.1,1
5,6.97,10.6,25.9,3,0,1,0,100.0,0
21,3.61,137.7,19.4,1,1,0,0,84.2,0
13,4.09,1.5,12.0,2,1,0,0,100.0,0
23,0.94,11.6,0.5,0,1,2,1,60.8,1
5,6.75,81.4,14.5,4,0,1,1,92.4,0
8,1.61,50.6,11.2,3,1,0,0,100.0,0
3,3.46,6.8,9.9,1,0,0,1,68.0,0
9,6.77,4.4,20.2,1,1,1,0,100.0,0
13,3.82,13.6,5.0,5,0,2,0,100.0,0
19,7.47,19.3,3.4,0,1,0,0,68.7,0
8,1.91,108.8,12.0,2,1,2,0,96.6,0
18,5.81,62.4,7.3,2,0,1,0,100.0,0
15,7.83,49.0,15.5,2,0,1,0,100.0,0
7,4.53,2.7,14.8,1,0,1,1,92.5,0
21,5.63,28.5,15.7,2,1,0,0,92.4,0
10,3.33,66.6,12.1,4,0,2,0,92.6,0
3,6.09,98.2,3.4,1,0,0,0,55.3,1
23,7.3,57.4,29.5,0,1,1,0,47.8,1
21,5.71,33.8,1.1,0,1,0,0,89.1,0
1,7.51,144.1,37.9,1,0,0,0,54.2,1
21,4.83,2.8,32.6,2,0,0,0,71.3,0
22,4.74,62.4,29.5,1,0,1,1,40.7,1
19,2.65,54.1,25.6,1,1,0,0,89.1,0
6,5.76,45.6,41.6,1,0,1,0,85.9,0
15,7.09,29.5,46.2,1,0,0,0,84.9,0
12,5.28,38.3,10.2,5,0,1,0,99.1,0
14,2.09,30.7,72.2,1,1,1,0,92.4,0
14,4.49,22.9,11.6,4,1,1,0,100.0,0
15,6.12,33.7,3.9,5,0,1,0,99.0,0
12,7.53,109.2,50.4,1,0,0,0,100.0,0
16,1.51,29.6,4.4,4,0,1,1,100.0,0
12,1.28,54.0,2.0,0,1,0,0,100.0,0
0,3.48,23.6,54.3,5,0,1,0,61.7,1
0,1.27,1.5,1.0,4,1,1,0,95.4,0
22,7.85,16.8,30.6,2,0,0,0,63.1,1
21,3.57,6.8,93.6,2,0,1,0,72.1,0
14,4.41,26.3,23.4,3,0,0,1,100.0,0
4,2.05,4.8,25.3,0,1,0,1,69.0,0
18,3.76,56.7,18.2,0,1,3,0,67.8,0
3,7.88,56.7,9.9,3,0,2,1,50.9,1
9,4.06,29.9,5.5,3,0,0,0,100.0,0
7,0.37,1.6,86.1,4,0,3,1,73.8,0
0,2.17,102.0,40.5,2,0,1,1,61.6,1
19,7.83,74.1,17.1,2,1,2,1,70.2,0
12,7.92,26.9,2.1,2,0,1,1,88.6,0
7,1.92,150.0,0.9,1,1,1,1,93.8,0
12,5.04,1.6,6.5,4,1,1,0,100.0,0
0,0.89,27.0,4.7,3,1,0,0,98.1,0
10,4.75,23.7,78.3,2,0,0,1,80.8,0
12,1.27,0.2,27.2,2,1,0,0,100.0,0
8,6.6,45.9,2.4,1,0,0,0,92.1,0
19,7.53,66.2,48.8,3,0,0,1,72.2,0
5,1.63,109.8,20.3,0,0,1,0,94.9,0
3,3.86,85.9,10.4,1,0,1,0,54.1,1
12,1.09,42.3,5.2,1,1,1,1,100.0,0
21,2.91,13.0,35.8,3,0,0,0,97.9,0
9,0.8,6.2,21.5,3,1,0,0,100.0,0
1,2.34,99.5,3.8,1,0,0,0,51.1,1
23,7.92,112.6,36.3,5,1,1,0,77.1,0
10,0.64,84.0,77.7,4,0,3,0,74.3,0
4,6.91,163.4,4.0,3,0,1,0,51.1,1
14,0.9,154.6,12.1,3,0,2,1,73.3,0
7,4.37,101.3,4.0,6,0,1,0,94.8,0
22,3.78,85.8,45.8,3,1,2,0,61.0,1
7,7.47,135.8,3.7,3,1,1,0,100.0,0
13,1.83,44.1,4.0,0,1,0,0,97.7,0
13,1.68,20.0,46.5,1,0,0,1,83.3,0
5,6.07,19.9,9.4,3,0,0,0,81.0,0
11,5.89,88.7,52.7,0,1,0,0,86.2,0
2,5.68,91.7,1.3,4,1,0,0,87.2,0
15,0.5,29.7,26.9,2,0,2,0,90.5,0
18,2.3,13.9,24.4,2,0,2,0,100.0,0
22,6.77,136.3,5.5,1,0,0,1,60.4,1
7,4.93,151.1,1.4,1,1,1,0,100.0,0
6,4.94,34.4,0.2,5,0,2,0,89.4,0
13,2.58,28.7,36.1,1,1,2,0,80.1,0
16,2.3,38.5,51.1,5,0,0,1,88.1,0
23,7.59,4.5,16.4,3,0,0,0,40.7,1
0,5.9,91.2,8.6,2,1,2,1,49.3,1
5,1.28,16.4,1.4,2,0,0,0,100.0,0
6,7.52,78.9,13.4,1,1,1,0,96.2,0
6,4.78,34.0,59.4,3,0,0,0,100.0,0
11,2.87,88.6,39.3,2,1,1,0,77.6,0
20,3.36,26.1,15.8,1,1,0,1,100.0,0
0,5.89,35.7,2.0,3,1,0,1,61.8,1
19,3.2,64.6,18.5,4,1,3,1,82.4,0
14,4.76,5.5,2.1,1,0,3,0,74.4,0
14,5.77,64.5,42.9,3,0,1,1,100.0,0
16,1.8,7.2,35.4,0,0,2,0,67.1,1
2,7.57,33.8,34.9,2,1,1,0,55.6,1
17,3.04,78.9,0.1,3,0,0,0,100.0,0
5,3.53,49.8,4.3,1,0,0,1,84.5,0
12,5.68,38.5,35.5,1,0,2,0,66.5,1
16,4.99,37.1,15.2,5,0,1,0,100.0,0
14,3.69,47.1,19.5,2,0,1,0,100.0,0
7,5.3,60.2,7.9,2,0,2,0,82.5,0
9,7.25,11.6,29.1,3,1,1,1,89.7,0
11,6.46,102.0,16.5,1,1,1,1,97.0,0
0,6.65,75.4,21.7,4,1,3,0,42.5,1
17,2.29,43.5,10.7,0,0,1,1,90.4,0
2,3.53,4.3,6.1,5,0,1,1,69.9,0
11,4.56,18.7,0.3,1,1,2,0,96.4,0
15,0.64,179.2,1.4,2,1,0,0,100.0,0
1,6.23,40.4,3.4,2,1,0,0,67.2,1
23,2.79,124.6,0.9,2,0,0,1,47.9,1
9,2.48,19.7,30.5,0,1,0,0,100.0,0
0,2.3,60.8,25.7,2,1,1,0,81.7,0
15,2.48,31.7,6.7,1,0,1,0,84.5,0
13,2.9,42.6,17.2,2,1,0,1,100.0,0
15,4.96,97.9,15.5,2,0,2,1,78.7,0
18,4.79,73.8,43.3,1,1,1,0,91.7,0
11,2.27,40.6,2.4,3,0,2,1,81.4,0
19,1.89,284.0,61.7,2,0,1,0,70.0,0
8,6.66,54.3,0.4,0,1,0,0,94.6,0
13,1.01,32.7,26.2,0,1,0,0,100.0,0
3,4.25,162.8,2.0,2,0,1,0,48.0,1
14,4.31,50.3,30.0,4,0,0,0,98.4,0
6,4.72,23.5,4.5,2,1,0,0,100.0,0
16,7.12,183.4,7.6,2,0,1,0,86.6,0
19,5.1,19.5,47.4,1,0,1,0,71.5,0
20,7.8,21.0,26.7,1,0,0,0,81.2,0
22,7.01,20.3,20.0,4,0,2,0,61.3,1
2,1.95,4.0,23.7,0,1,3,0,50.4,1
3,2.16,7.7,12.9,3,0,0,1,66.3,1
22,2.95,9.7,5.1,3,1,2,0,61.5,1
9,3.31,5.0,54.9,0,0,1,0,82.0,0
0,4.56,35.4,46.2,3,1,1,0,77.3,0
6,2.09,86.9,36.3,1,0,0,0,87.3,0
20,2.01,8.8,12.3,6,0,0,0,95.1,0
8,3.24,16.8,22.9,3,0,1,0,86.5,0
1,5.47,147.1,2.5,1,1,3,0,47.4,1
17,5.6,32.1,8.5,1,1,0,1,69.6,0
4,7.82,6.6,6.1,1,0,1,1,47.2,1
8,1.86,29.3,19.6,1,1,0,0,100.0,0
0,3.33,178.4,1.1,1,0,0,1,34.4,1
14,7.73,51.8,9.6,2,0,2,0,72.4,0
10,5.61,0.2,7.1,1,0,0,0,94.8,0
20,4.86,275.5,4.9,3,1,1,1,75.8,0
8,4.46,172.7,21.1,1,1,1,1,76.4,0
4,0.88,106.1,6.9,2,1,0,0,75.8,0
3,7.18,0.3,35.5,1,0,0,0,74.5,0
4,5.12,60.9,3.1,5,1,0,0,87.3,0
10,4.7,299.1,1.0,4,0,0,1,87.2,0
2,4.45,3.6,6.7,5,0,1,1,68.4,0
9,3.32,175.5,2.1,5,0,1,0,100.0,0
20,2.26,93.5,3.8,2,0,1,0,78.6,0
18,6.12,22.9,52.2,4,0,0,1,92.6,0
15,4.22,104.8,2.9,3,1,1,0,92.0,0
21,0.56,3.7,1.8,2,0,1,0,94.0,0
18,3.37,20.9,9.6,2,0,0,1,100.0,0
15,7.45,2.9,4.3,6,0,1,0,100.0,0
20,3.18,26.1,49.7,4,1,1,0,100.0,0
2,3.48,68.5,47.1,2,0,0,0,68.4,0
19,5.1,119.5,47.2,2,1,0,0,91.6,0
7,6.47,145.9,34.1,3,0,1,0,79.7,0
17,5.45,96.9,7.6,1,1,1,1,98.6,0
21,6.85,159.4,8.3,4,0,0,0,97.4,0
11,1.18,158.7,20.0,1,1,2,1,90.2,0
2,7.42,50.9,3.5,4,1,0,1,92.3,0
8,7.26,22.2,7.5,3,0,0,0,100.0,0
9,4.3,257.9,4.4,2,0,0,1,88.2,0
22,5.11,9.3,17.4,5,1,1,0,70.0,0
22,1.94,34.0,25.6,3,0,0,0,81.7,0
13,3.75,42.2,7.0,3,0,1,0,95.1,0
22,1.86,46.5,0.9,2,0,0,1,63.8,1
10,0.47,36.7,8.9,3,1,1,0,100.0,0
9,7.85,127.2,9.4,2,0,1,0,83.2,0
20,2.3,43.9,107.3,2,1,0,0,88.2,0
16,4.87,86.6,9.9,2,0,1,0,90.0,0
12,2.61,8.6,3.4,2,0,1,0,100.0,0
10,3.15,275.0,5.7,3,0,0,0,97.4,0
16,3.36,29.2,23.9,3,1,0,1,100.0,0
18,2.88,8.7,19.7,3,1,0,0,100.0,0
11,5.21,58.2,32.5,0,0,0,0,82.0,0
0,7.7,29.1,9.4,5,0,1,1,66.0,1
2,3.6,123.5,33.9,5,0,0,1,59.4,1
3,7.79,32.0,12.6,0,0,0,1,58.9,1
11,5.44,5.6,40.2,2,1,0,0,100.0,0
14,4.97,197.3,50.7,2,0,1,0,83.4,0
19,2.13,19.1,88.6,3,1,2,0,58.9,1
5,0.78,25.7,5.5,1,1,0,0,100.0,0
18,6.86,43.4,1.7,2,1,1,0,79.8,0
15,4.72,27.9,3.0,0,1,2,0,85.3,0
1,3.49,21.5,103.7,4,1,0,1,82.6,0
8,6.55,14.1,7.9,2,1,0,1,88.3,0
7,2.69,14.5,2.1,3,0,1,1,94.4,0
21,6.33,44.5,8.1,2,0,0,0,86.6,0
22,2.83,100.3,11.2,5,1,1,1,67.9,0
19,7.39,14.6,126.2,2,1,2,0,55.7,1
12,2.36,33.3,12.7,0,1,0,1,100.0,0
11,1.36,51.8,11.7,2,0,0,0,95.2,0
7,5.68,141.5,17.7,2,1,1,1,94.1,0
18,1.55,22.4,4.4,3,0,2,0,99.7,0
2,7.61,132.6,8.1,2,1,0,0,76.4,0
6,5.35,56.7,56.4,1,0,1,0,92.2,0
3,2.08,65.3,23.0,2,0,0,0,66.2,1
11,1.91,69.3,8.9,0,1,0,0,100.0,0
7,7.41,141.6,27.9,2,0,0,0,81.7,0
4,4.98,29.0,2.1,0,0,0,1,47.9,1
9,7.18,0.1,33.7,4,1,0,1,100.0,0
20,1.15,2.2,19.0,4,0,1,0,91.7,0
13,7.43,149.1,52.3,2,1,1,1,93.5,0
19,4.3,3.1,0.7,1,0,2,0,65.7,1
21,5.45,31.5,12.1,2,1,0,1,94.2,0
21,3.17,333.4,12.3,1,0,1,1,59.4,1
8,0.76,89.9,84.3,2,0,0,0,83.3,0
21,7.68,70.0,50.8,1,0,0,0,61.3,1
21,7.96,27.2,24.4,4,1,1,1,94.5,0
23,3.11,55.5,12.4,3,1,2,0,56.0,1
8,7.57,51.8,11.6,3,0,1,0,86.1,0
5,1.59,102.2,20.3,3,0,0,0,100.0,0
14,1.49,85.5,6.5,2,0,1,0,80.5,0
22,0.86,20.1,15.3,3,0,1,0,79.2,0
21,3.31,34.4,25.8,2,0,0,0,76.8,0
13,0.7,10.0,16.6,0,0,1,0,89.4,0
3,3.34,7.0,16.2,2,0,0,0,78.0,0
10,1.37,102.1,9.3,0,1,2,0,87.2,0
17,5.93,48.4,6.6,3,0,1,1,73.5,0
13,6.72,47.2,6.8,2,1,0,1,81.9,0
8,5.6,117.8,25.2,2,0,0,0,100.0,0
8,1.84,97.0,20.2,3,1,1,0,100.0,0
1,6.2,51.7,5.5,1,0,1,0,52.7,1
6,2.22,5.8,21.9,2,0,0,0,100.0,0
16,6.15,4.9,17.3,7,0,0,1,93.4,0
5,4.67,20.8,0.3,0,1,0,0,100.0,0
23,3.12,43.8,7.7,3,0,1,1,66.9,1
1,0.94,143.8,11.5,1,1,2,1,55.2,1
14,6.67,98.7,8.9,2,1,2,0,89.0,0
11,7.54,102.4,63.6,4,0,0,1,88.7,0
19,5.43,7.6,8.3,2,1,0,1,92.4,0
21,7.73,3.1,17.7,4,1,3,0,69.4,0
13,7.49,57.1,24.5,1,0,1,0,73.1,0
15,1.8,124.2,42.1,1,0,2,0,77.9,0
16,5.93,21.0,12.6,4,1,1,0,100.0,0
12,2.99,28.8,1.1,3,0,2,0,84.8,0
4,4.05,88.0,12.5,2,0,1,0,61.1,1
10,1.51,181.6,35.8,0,1,0,0,97.5,0
5,7.81,12.1,1.2,0,0,0,0,81.9,0
11,5.89,379.6,28.5,2,0,2,0,64.3,1
14,2.36,13.0,13.6,1,1,0,0,98.0,0
5,3.16,27.8,17.4,2,1,0,0,100.0,0
5,3.55,68.5,2.0,1,1,0,0,100.0,0
19,6.06,42.4,6.8,0,0,0,1,68.3,0
9,7.43,20.3,4.4,2,0,1,1,84.0,0
4,2.78,41.7,4.7,7,1,0,1,90.2,0
17,3.94,22.5,38.8,2,1,0,1,100.0,0
17,4.87,41.3,8.9,3,0,1,0,84.7,0
19,3.33,127.6,30.7,4,1,1,0,100.0,0
18,4.18,66.4,60.3,4,1,1,0,100.0,0
23,1.11,62.9,7.3,1,0,0,1,57.3,1
13,1.59,19.3,13.2,1,1,0,1,100.0,0
6,3.39,162.5,52.7,3,0,0,0,95.7,0
20,7.35,192.6,40.9,3,1,3,0,73.4,0
6,2.99,43.0,10.9,1,1,1,0,96.2,0
6,2.22,26.5,15.1,3,1,0,0,100.0,0
19,6.02,31.5,41.1,3,0,0,0,100.0,0
21,7.61,148.6,23.5,4,0,0,1,80.8,0
8,3.84,33.9,1.8,1,1,0,0,99.8,0
17,0.37,0.6,79.2,1,0,3,0,81.9,0
22,5.6,6.5,10.1,3,0,0,0,68.9,0
19,3.5,3.7,5.1,1,0,0,0,84.8,0
0,5.49,57.9,35.7,2,0,1,0,49.9,1
15,2.44,117.1,21.9,3,0,0,0,100.0,0
4,0.32,27.1,23.4,1,1,1,0,80.7,0
20,2.95,50.0,21.2,3,0,1,0,85.3,0
1,5.73,4.1,2.8,4,0,2,1,58.7,1
23,3.33,60.8,4.8,2,0,0,0,67.8,0
4,1.99,172.3,45.7,1,0,0,0,46.1,1
10,3.87,94.1,69.3,2,0,1,0,98.2,0
5,6.09,165.0,2.0,1,0,1,0,72.3,0
19,1.22,31.3,24.0,3,0,2,0,59.4,1
9,5.63,36.6,17.5,4,0,2,0,73.0,0
17,5.44,64.8,1.8,4,0,0,0,90.6,0
1,3.15,12.3,24.0,0,0,1,0,49.0,1
10,7.77,197.2,16.7,2,1,1,0,91.1,0
21,7.19,78.6,8.9,0,0,0,0,90.4,0
22,2.73,9.9,31.6,2,0,2,1,48.7,1
5,0.54,26.8,56.6,2,1,1,0,92.4,0
9,2.67,25.2,42.1,3,0,1,1,100.0,0
9,1.88,136.0,82.7,1,1,2,0,89.2,0
13,4.51,149.9,5.6,1,1,0,0,100.0,0
12,7.37,24.5,20.8,1,0,0,1,100.0,0
2,7.0,112.4,13.3,2,1,2,1,33.0,1
18,2.65,20.2,15.2,5,0,2,0,91.5,0
5,3.6,55.4,1.4,0,0,0,0,90.3,0
7,0.58,8.0,10.9,4,1,0,1,100.0,0
20,4.49,139.6,13.5,2,1,1,0,85.9,0
16,0.79,25.6,12.4,1,1,0,0,100.0,0
9,7.53,129.3,10.8,5,0,1,0,100.0,0
21,6.98,73.7,9.3,1,0,2,0,81.1,0
9,1.95,24.5,8.2,0,0,2,0,78.3,0
13,5.69,98.7,7.6,1,1,1,1,76.4,0
5,4.67,12.4,47.1,2,0,4,0,52.9,1
4,6.47,65.3,33.1,3,0,0,0,66.6,1
11,3.96,117.9,16.5,3,0,0,0,100.0,0
13,1.78,63.1,11.5,3,0,1,0,100.0,0
19,5.23,56.4,21.9,1,1,1,1,68.1,0
9,0.92,16.6,29.5,3,1,1,1,100.0,0
21,4.8,59.7,1.7,4,0,1,0,86.4,0
14,1.94,125.3,6.2,2,1,1,1,100.0,0
1,5.57,64.1,35.1,0,0,0,0,70.0,0
17,6.68,21.9,18.3,5,1,0,0,100.0,0
13,1.14,3.6,8.7,2,0,1,0,100.0,0
9,3.38,16.9,41.8,2,0,0,0,94.9,0
11,5.95,147.7,7.5,1,0,0,1,82.0,0
7,1.56,39.2,0.2,1,0,1,0,100.0,0
14,4.66,4.6,5.7,4,1,0,0,100.0,0
13,5.47,56.1,44.3,6,0,0,0,100.0,0
10,3.03,14.0,7.3,3,0,1,1,86.7,0
6,6.71,221.3,14.7,2,1,2,1,49.3,1
9,4.23,114.9,8.1,5,1,1,0,100.0,0
11,5.13,214.4,23.8,3,1,1,0,83.0,0
11,1.38,81.5,18.7,2,1,1,1,90.3,0
7,0.48,14.0,3.2,1,0,1,1,91.3,0
13,0.69,4.8,2.2,2,1,1,0,100.0,0
5,7.26,57.9,17.7,5,1,0,0,100.0,0
12,7.1,4.3,1.2,0,0,0,0,90.5,0
2,6.52,304.2,45.6,3,0,1,1,44.9,1
11,1.84,30.7,19.9,3,1,1,0,95.7,0
18,4.35,87.4,106.8,5,0,0,0,100.0,0
19,6.43,42.5,43.4,2,0,0,1,87.5,0
16,5.49,60.4,22.5,0,1,1,0,99.3,0
17,1.19,63.7,18.0,2,0,0,1,91.8,0
1,7.2,184.0,62.0,2,1,0,0,65.1,1
8,1.54,110.2,15.9,3,0,1,1,100.0,0
15,1.62,10.5,32.9,1,0,0,1,86.8,0
19,7.24,146.7,11.7,3,1,1,0,97.7,0
13,4.03,7.0,19.3,5,0,0,0,100.0,0
20,3.17,15.6,29.1,0,1,2,0,73.0,0
6,4.56,38.4,28.1,3,0,1,0,100.0,0
3,7.86,0.7,27.2,2,0,2,0,61.0,1
2,1.22,9.0,10.5,2,1,0,0,74.0,0
13,6.13,0.7,17.9,1,0,0,0,89.3,0
15,2.87,28.2,17.1,1,0,1,0,88.5,0
6,1.2,14.4,5.6,0,1,1,0,95.2,0
18,3.55,54.8,64.3,1,0,1,0,98.5,0
17,4.53,113.3,2.4,3,1,0,0,100.0,0
8,1.89,29.0,15.8,1,0,2,0,77.5,0
5,3.42,46.6,34.7,2,1,1,0,96.2,0
17,5.19,2.1,1.1,2,0,3,0,70.6,0
16,4.74,41.9,3.5,2,0,0,0,91.4,0
4,5.87,12.7,35.1,3,0,1,0,59.6,1
6,6.74,38.3,13.8,2,0,0,1,93.8,0
11,3.45,56.6,16.8,2,1,1,0,100.0,0
12,3.56,342.8,22.9,1,0,0,1,74.9,0
3,4.12,216.1,1.9,4,1,2,1,63.3,1
22,4.66,43.5,33.0,2,0,0,0,69.3,0
9,1.13,88.1,5.1,5,1,0,0,100.0,0
9,2.71,11.5,24.7,1,0,0,0,100.0,0
1,1.62,50.6,28.3,3,0,1,0,63.6,1
21,3.27,59.1,48.0,2,0,1,0,67.3,1
5,7.79,38.3,2.9,1,1,1,1,100.0,0
23,4.79,26.3,3.2,1,0,0,0,63.1,1
11,3.61,75.2,31.0,1,0,0,1,85.1,0
20,4.66,7.8,16.5,3,0,0,1,100.0,0
4,5.45,61.2,2.5,1,1,0,0,54.1,1
3,3.65,2.3,8.4,0,0,0,0,65.0,1
19,3.75,1.9,58.1,3,0,1,1,85.0,0
19,5.7,14.4,15.2,2,0,0,1,81.6,0
13,0.77,111.7,47.2,1,1,0,1,100.0,0
0,4.46,28.2,26.7,4,1,0,0,83.9,0
22,4.51,79.8,34.3,3,0,1,0,64.3,1
9,6.13,59.1,6.4,2,1,1,1,85.6,0
22,7.87,124.2,15.5,2,0,0,0,35.6,1
20,6.43,5.0,16.1,4,1,1,0,87.2,0
20,4.18,172.1,28.6,1,0,0,0,73.9,0
16,1.6,38.4,15.2,1,0,1,0,95.2,0
16,4.83,37.6,24.7,2,1,1,0,90.1,0
12,6.72,60.1,43.8,1,0,1,1,84.9,0
0,7.48,125.4,9.0,3,1,0,0,71.4,0
9,6.65,188.2,8.7,2,1,1,0,97.4,0
17,1.76,31.4,7.4,3,0,1,0,100.0,0
19,5.79,37.8,7.2,2,1,2,0,78.9,0
13,7.08,12.7,9.1,4,1,1,0,100.0,0
17,5.54,46.6,3.4,3,0,1,0,80.9,0
0,5.58,9.8,6.0,2,1,2,0,65.2,1
11,4.15,19.9,3.1,1,0,1,0,90.1,0
12,5.2,10.7,24.1,3,0,3,0,82.2,0
21,2.57,37.5,45.5,1,0,1,0,83.7,0
7,0.98,53.7,17.4,1,0,2,1,72.1,0
5,6.67,57.9,47.8,3,0,0,0,98.5,0
8,7.56,81.0,15.1,6,1,1,1,84.4,0
4,6.9,147.1,1.1,1,0,2,0,28.6,1
13,2.87,27.8,7.4,3,0,0,0,100.0,0
15,1.02,77.7,10.7,3,0,1,0,94.5,0
19,2.46,26.1,11.7,4,0,1,0,88.8,0
23,6.79,26.5,26.5,2,0,0,0,72.0,0
1,5.35,142.4,13.2,2,1,0,0,83.7,0
5,7.74,39.0,23.3,3,0,0,0,100.0,0
7,2.94,1.6,10.4,2,1,2,1,80.5,0
5,4.55,23.7,8.9,0,0,0,0,90.5,0
19,6.38,74.1,49.0,4,0,1,0,73.5,0
3,2.1,29.8,60.2,3,0,0,0,62.2,1
0,7.72,59.2,14.0,3,1,1,0,69.3,0
20,4.86,12.1,34.7,3,1,1,0,95.2,0
23,0.36,50.5,20.2,4,1,0,0,69.7,0
5,0.49,234.1,27.1,1,0,0,0,87.0,0
7,7.09,30.3,0.3,3,0,0,0,100.0,0
12,5.27,17.9,3.2,2,1,0,1,100.0,0
12,6.18,65.4,1.6,6,0,1,0,94.1,0
23,6.34,46.0,3.4,0,0,1,0,55.2,1
9,3.54,273.6,12.6,0,0,0,0,84.9,0
0,6.45,124.1,30.3,3,1,1,0,83.5,0
10,7.52,31.8,1.0,2,1,0,0,100.0,0
13,1.63,84.6,5.1,3,1,0,0,100.0,0
12,6.18,56.1,7.1,2,1,1,0,100.0,0
12,2.67,67.2,25.1,0,1,1,0,100.0,0
22,2.78,38.5,1.5,1,0,2,0,49.2,1
19,3.48,15.9,0.4,3,0,0,0,92.8,0
6,6.95,1.2,13.5,1,1,1,0,99.0,0
8,0.47,34.0,27.6,3,0,0,0,100.0,0
16,3.64,43.8,5.8,2,0,0,0,97.9,0
9,5.54,7.9,14.1,0,1,0,1,100.0,0
10,1.15,97.0,9.0,3,1,1,0,100.0,0
4,6.4,23.1,29.9,3,1,1,0,76.7,0
6,7.55,43.3,13.6,6,0,2,0,79.9,0
17,1.0,107.9,62.0,3,0,1,1,82.9,0
20,1.48,37.6,31.9,3,1,0,0,100.0,0
18,7.8,75.7,39.0,3,1,0,0,100.0,0
7,1.82,104.2,2.6,1,1,0,0,92.7,0
3,0.91,46.0,10.7,3,1,0,0,73.6,0
3,7.63,16.7,20.5,2,0,0,0,50.0,1
9,7.17,1.4,64.3,1,0,0,0,85.1,0
12,5.35,47.8,1.0,5,0,3,0,89.5,0
21,4.55,84.7,8.8,0,0,4,0,41.1,1
21,7.38,81.4,13.1,2,1,1,0,67.4,1
0,5.35,205.1,5.3,2,1,1,0,54.5,1
16,5.37,72.9,5.6,3,0,0,1,100.0,0
7,6.8,49.7,6.5,3,0,2,0,82.9,0
4,5.33,3.4,40.8,1,0,0,0,53.2,1
13,4.18,81.3,4.1,2,0,0,1,94.8,0
0,3.3,92.0,2.4,2,0,0,0,59.3,1
8,4.17,34.1,0.4,3,0,1,1,99.2,0
13,4.32,9.3,53.7,4,0,0,0,100.0,0
6,3.08,68.1,4.4,1,0,0,0,94.1,0
14,3.75,69.6,13.9,1,1,0,1,99.1,0
11,6.47,41.9,27.6,3,1,0,0,100.0,0
19,3.51,27.5,17.7,4,0,2,1,96.3,0
4,0.5,22.4,7.6,3,1,0,0,100.0,0
1,2.48,11.1,0.4,1,1,1,0,68.0,0
12,2.08,48.0,6.3,2,0,1,0,92.4,0
6,6.41,2.3,56.9,2,0,0,0,97.3,0
16,3.76,13.2,1.0,4,0,0,0,100.0,0
2,2.46,7.0,19.8,2,1,0,1,61.7,1
13,6.54,25.3,13.2,5,0,0,0,100.0,0
23,0.45,10.3,1.1,1,0,1,1,53.7,1
2,1.64,16.7,13.7,2,1,1,0,56.1,1
7,6.67,100.7,12.1,1,1,0,1,100.0,0
20,4.54,3.4,4.0,2,0,0,1,69.1,0
12,6.26,41.2,2.9,3,0,0,1,90.9,0
4,6.75,17.1,0.1,0,1,0,0,70.1,0
5,7.55,104.3,56.6,0,1,0,0,100.0,0
18,0.79,5.6,8.5,0,1,1,0,86.6,0
20,6.45,78.1,46.7,1,1,0,1,66.3,1
8,5.76,58.4,17.7,3,0,1,0,98.5,0
11,1.89,25.7,26.5,5,1,2,1,87.0,0
18,7.47,156.0,38.8,3,1,0,1,100.0,0
4,3.41,86.6,2.9,0,0,2,0,37.6,1
4,7.13,122.1,10.5,2,1,1,0,62.8,1
18,4.96,71.5,5.7,4,0,1,0,100.0,0
4,4.36,121.1,17.6,0,0,0,0,56.7,1
18,1.53,85.3,0.4,1,0,2,0,81.0,0
11,7.34,173.1,13.3,3,1,0,0,100.0,0
23,4.59,35.5,8.3,4,1,0,0,78.3,0
0,0.35,76.7,5.4,3,0,2,1,59.2,1
22,0.44,157.1,13.1,0,0,2,1,40.3,1
5,6.29,92.8,13.2,0,1,0,0,84.6,0
0,1.55,92.5,9.7,0,0,0,0,65.5,1
17,4.91,2.6,14.9,3,1,0,0,100.0,0
12,5.54,124.0,2.5,1,1,0,1,100.0,0
20,2.45,26.4,29.0,3,0,1,0,81.6,0
2,4.68,99.4,30.9,0,1,1,0,57.0,1
1,2.15,114.9,44.0,2,1,1,0,56.4,1
13,7.59,7.2,18.2,3,0,1,0,89.6,0
21,6.92,170.9,6.2,2,0,0,1,81.0,0
9,2.52,21.8,57.5,1,0,0,0,89.0,0
19,4.37,56.6,14.2,1,0,1,0,68.1,0
21,4.15,22.3,11.4,5,0,1,0,86.3,0
20,7.69,0.6,4.5,1,0,2,0,65.0,1
12,3.33,35.5,16.7,2,0,0,0,98.6,0
16,4.63,2.6,57.5,1,0,0,0,92.6,0
12,7.45,29.8,13.7,7,0,1,0,100.0,0
16,1.55,23.0,49.1,1,0,2,0,74.8,0
13,4.54,99.8,35.8,4,1,0,0,100.0,0
12,1.11,49.1,67.1,3,0,0,0,98.1,0
10,5.05,12.4,34.0,3,0,0,1,94.1,0
15,3.12,20.2,8.2,2,0,1,0,100.0,0
18,7.75,70.7,36.5,3,1,1,0,91.0,0
22,3.5,8.5,4.5,1,0,0,0,73.8,0
14,1.35,17.0,1.4,1,0,0,1,88.5,0
2,6.72,2.1,15.7,0,0,2,0,50.9,1
14,6.62,49.0,26.0,4,1,1,0,90.7,0
7,5.65,65.2,50.6,6,1,0,0,100.0,0
0,6.07,4.5,1.1,1,1,0,1,66.5,1
1,2.34,34.2,10.7,2,1,0,0,82.2,0
14,5.24,365.6,20.2,4,1,1,0,90.2,0
22,0.59,9.9,6.5,4,0,2,0,46.8,1
12,1.82,219.2,29.1,6,1,2,1,93.5,0
10,7.48,74.8,3.1,1,1,0,0,94.3,0
2,5.99,10.1,43.1,3,0,1,0,44.0,1
16,2.08,28.6,32.8,3,1,1,0,100.0,0
1,1.16,102.0,8.4,3,0,0,0,68.6,0
20,7.61,13.8,13.5,3,1,1,1,74.0,0
19,1.16,13.3,3.2,2,0,2,0,70.6,0
23,2.28,25.5,49.0,5,1,0,1,90.4,0
6,1.71,21.2,12.9,1,0,5,0,65.4,1
3,0.36,20.9,9.2,4,0,0,0,78.9,0
7,2.72,181.7,39.2,2,0,0,0,89.6,0
19,7.8,100.5,10.5,1,0,1,1,69.9,0
5,2.93,18.1,1.7,1,0,1,0,88.4,0
21,4.18,70.9,19.0,3,1,1,1,87.8,0
3,6.04,77.7,5.6,6,1,1,1,77.6,0
1,4.54,23.0,18.6,0,1,1,0,47.3,1
5,6.03,327.7,13.7,4,0,3,0,72.1,0
18,5.39,28.4,1.6,2,0,1,0,98.1,0
14,4.99,27.6,42.0,4,0,0,1,100.0,0
8,5.3,38.6,17.4,1,1,0,0,100.0,0
15,6.45,78.9,28.1,0,1,2,0,80.1,0
15,5.77,331.2,89.6,2,0,0,1,70.9,0
13,6.4,49.2,15.7,3,1,0,0,100.0,0
12,1.42,20.9,2.5,2,1,0,1,100.0,0
2,5.52,21.4,45.4,1,0,0,1,72.4,0
6,5.98,42.7,47.4,6,1,1,0,100.0,0
12,2.61,8.9,5.2,1,0,1,1,78.8,0
3,7.03,28.5,9.9,4,1,0,0,73.5,0
11,2.65,41.4,6.7,4,0,0,0,100.0,0
2,2.18,236.5,5.2,3,0,0,0,64.3,1
18,6.98,386.2,41.3,0,0,1,0,84.3,0
2,2.2,134.8,4.1,0,0,1,0,34.1,1
2,3.5,62.5,15.4,0,1,0,0,57.6,1
15,3.13,126.5,6.8,3,1,1,0,95.5,0
5,7.22,3.8,13.3,0,1,2,0,90.8,0
8,3.81,11.2,63.6,3,0,2,0,87.0,0
7,5.65,9.4,19.1,3,1,0,0,100.0,0
5,6.41,41.6,11.5,4,0,0,0,90.4,0
18,5.13,32.7,6.9,2,1,0,0,100.0,0
16,7.57,27.9,23.3,6,0,0,0,100.0,0
5,6.48,14.6,24.5,2,1,1,0,93.3,0
16,3.38,57.2,27.4,1,0,1,1,91.6,0
17,7.62,7.6,8.2,1,0,0,0,100.0,0
12,4.34,1.9,5.7,2,1,1,0,100.0,0
13,0.47,23.2,6.7,1,0,0,0,100.0,0
22,2.3,16.2,18.1,3,0,1,0,79.3,0
10,5.09,27.3,24.1,2,1,0,0,100.0,0
9,1.51,16.3,22.7,1,0,1,1,90.0,0
12,4.8,29.1,15.0,2,1,1,0,100.0,0
20,3.08,155.0,68.2,5,0,1,0,85.0,0
17,4.41,9.0,9.0,3,0,1,0,93.2,0
1,0.31,15.7,52.1,4,0,1,1,66.7,1
11,6.83,31.7,11.4,3,0,0,0,100.0,0
17,3.09,382.3,14.4,0,0,1,1,69.3,0
5,1.38,0.2,131.0,4,0,0,0,87.8,0
23,3.67,25.6,19.9,1,0,1,0,41.9,1
19,4.04,95.0,44.8,5,0,2,0,74.6,0
20,5.21,55.7,32.5,2,0,1,0,81.2,0
1,4.34,36.9,16.0,4,0,1,0,70.0,0
13,0.64,9.2,11.9,1,1,3,0,96.5,0
12,7.01,4.1,23.4,2,1,1,0,100.0,0
15,3.82,143.9,22.9,2,1,0,1,96.7,0
20,0.89,74.5,39.2,1,0,1,1,76.0,0
8,6.25,10.7,27.3,2,1,0,0,100.0,0
12,5.38,26.8,13.0,3,1,1,0,93.8,0
16,5.3,104.2,27.3,2,0,1,0,81.2,0
18,3.59,60.6,10.6,2,0,1,0,90.8,0
18,3.46,80.0,3.1,1,0,0,0,97.4,0
8,4.43,55.7,21.6,0,0,1,1,80.4,0
23,0.69,41.5,3.8,5,0,4,0,44.8,1
0,2.6,4.1,2.0,0,0,4,0,29.9,1
11,7.91,4.6,18.3,4,1,1,0,100.0,0
14,5.4,160.5,21.7,0,0,1,0,87.8,0
1,3.53,94.8,4.2,1,0,0,1,54.3,1
10,2.01,4.4,21.6,2,1,1,0,100.0,0
14,6.04,72.5,23.1,1,0,1,0,97.2,0
14,2.3,27.9,9.2,2,1,0,0,100.0,0
2,1.55,9.8,32.2,5,1,1,0,79.0,0
6,1.49,19.0,1.6,4,0,2,0,97.7,0
5,5.92,137.7,22.5,2,1,1,1,75.2,0
15,5.25,67.5,1.5,2,1,0,0,95.1,0
7,0.84,0.4,2.9,2,0,2,0,100.0,0
13,1.19,76.9,5.9,1,1,2,0,93.2,0
17,5.18,0.2,36.4,1,0,0,0,86.0,0
19,4.7,133.1,1.8,4,1,1,1,89.6,0
4,5.58,58.5,23.5,1,0,1,1,40.4,1
21,1.67,61.4,16.4,4,1,0,0,100.0,0
3,5.89,1.0,0.9,4,1,0,0,98.9,0
0,7.51,4.3,6.0,0,0,1,0,42.1,1
1,4.93,43.2,35.0,0,1,1,1,56.4,1
4,1.81,20.8,8.7,1,1,1,0,44.1,1
20,5.53,42.1,32.2,0,1,1,0,67.5,0
4,2.94,34.4,4.4,0,1,0,1,77.3,0
16,0.68,107.8,24.9,4,0,1,0,93.7,0
10,2.63,8.7,6.3,1,0,2,0,82.6,0
0,7.27,27.2,3.8,1,1,0,0,65.9,1
10,3.47,23.6,10.1,3,0,3,0,85.6,0
0,6.96,124.0,17.5,3,0,0,0,60.8,1
11,4.22,57.4,1.5,6,1,2,0,95.0,0
13,4.28,15.6,7.0,3,0,1,0,89.3,0
12,0.34,27.8,6.7,2,0,1,1,84.1,0
6,5.21,16.1,5.3,1,1,1,0,69.6,0
18,1.13,33.7,10.6,1,1,0,0,100.0,0
14,3.99,39.9,1.2,0,1,0,0,87.3,0
6,2.3,70.7,43.1,3,0,0,0,100.0,0
10,3.32,42.1,23.1,2,0,2,0,85.9,0
2,4.44,146.7,1.3,1,1,3,1,38.8,1
22,0.41,52.2,3.4,5,1,1,0,76.0,0
18,2.49,13.2,6.2,0,1,1,0,100.0,0
6,7.92,66.0,8.4,2,0,0,0,100.0,0
16,0.74,52.0,98.2,3,0,1,1,81.3,0
16,2.76,7.4,22.9,5,1,1,0,100.0,0
14,2.77,3.2,2.8,1,1,0,0,100.0,0
1,3.22,13.9,8.6,7,1,0,0,100.0,0
21,5.57,28.8,9.1,0,0,1,0,64.7,1
22,2.21,6.1,31.6,2,0,2,0,38.9,1
23,3.84,4.4,9.7,3,1,1,0,81.5,0
23,5.27,45.9,13.5,1,0,3,1,28.2,1
22,2.78,6.7,41.8,2,0,1,0,38.0,1
17,7.61,183.4,6.7,5,1,1,0,96.6,0
1,7.84,46.9,36.2,2,1,1,1,59.1,1
11,1.22,10.6,11.3,1,0,0,0,100.0,0
5,2.95,232.3,5.8,0,1,2,0,82.9,0
5,1.9,51.0,11.9,2,1,0,0,100.0,0
19,1.74,135.1,17.9,3,1,0,0,100.0,0
19,4.08,41.8,17.2,2,0,1,0,79.3,0
12,4.64,35.9,13.3,1,1,0,0,100.0,0
17,3.58,173.8,3.4,1,1,4,0,86.8,0
3,2.4,76.2,48.5,1,0,1,1,49.2,1
5,2.45,52.9,7.5,3,0,0,1,78.7,0
20,7.94,33.5,19.7,4,1,0,0,100.0,0
10,7.41,47.6,16.8,3,1,0,0,96.5,0
13,0.88,69.0,7.7,3,0,0,1,94.7,0
11,5.36,63.9,44.4,4,1,2,1,86.0,0
4,3.82,37.2,2.1,3,0,0,0,76.0,0
19,5.6,18.3,11.1,4,1,0,1,91.8,0
18,4.9,13.9,43.2,3,0,2,0,66.8,1
16,7.15,21.6,0.9,4,1,0,0,100.0,0
8,0.82,16.9,41.4,3,1,2,0,95.9,0
15,2.99,0.2,10.1,5,1,1,0,100.0,0
22,7.89,51.9,12.7,2,1,0,0,77.8,0
15,1.7,78.8,14.9,3,0,0,0,100.0,0
11,1.28,143.7,1.1,1,0,1,0,81.9,0
6,5.91,247.2,8.5,3,0,1,0,84.0,0
12,6.29,92.4,4.3,2,0,1,0,87.2,0
8,5.48,36.5,45.0,6,1,1,0,100.0,0
14,6.28,23.3,21.7,2,0,0,0,80.3,0
1,5.64,65.9,7.7,4,1,0,0,79.4,0
4,1.35,117.0,8.1,3,0,0,0,68.2,0
18,4.98,36.4,2.0,1,0,0,0,100.0,0
9,6.28,24.7,3.0,1,1,2,0,77.6,0
10,6.96,104.5,35.5,4,0,0,1,91.6,0
13,2.2,1.8,0.6,3,0,2,0,85.5,0
10,1.28,100.5,7.8,4,1,3,0,86.4,0
18,6.31,10.9,42.8,5,0,1,0,100.0,0
5,2.28,6.9,34.8,4,1,2,0,100.0,0
18,0.55,54.6,12.9,2,1,0,1,94.3,0
5,6.65,128.5,53.9,5,1,3,0,97.1,0
8,4.2,35.3,49.4,2,1,1,0,100.0,0
14,2.82,55.2,40.9,1,1,2,0,99.3,0
21,0.39,167.9,12.6,1,0,0,1,79.5,0
5,0.57,13.3,0.5,3,1,0,0,100.0,0
14,6.4,49.7,36.8,4,0,0,0,99.8,0
1,4.07,90.0,3.7,1,1,0,0,60.5,1
1,1.45,84.4,4.7,2,1,1,1,83.5,0
18,3.06,62.2,19.8,4,0,1,0,100.0,0
17,1.57,14.2,17.6,6,0,1,1,100.0,0
9,1.17,26.1,46.1,3,0,0,1,87.4,0
14,2.43,4.6,8.0,3,0,1,0,97.0,0
9,4.53,78.5,63.7,1,0,0,0,89.6,0
6,1.92,6.9,3.7,0,1,0,0,100.0,0
10,2.95,0.6,9.6,5,1,1,0,100.0,0
7,3.98,16.9,4.3,1,1,0,0,89.4,0
19,3.53,36.5,42.4,2,1,0,0,76.3,0
9,1.29,13.2,13.6,2,1,2,1,82.8,0
7,0.6,66.3,9.7,4,0,1,0,92.8,0
12,0.57,21.1,47.5,3,1,2,0,100.0,0
18,3.0,34.6,3.9,2,0,0,0,97.5,0
6,5.83,79.1,4.3,3,1,1,0,100.0,0
22,1.31,28.6,8.9,2,0,1,0,64.5,1
11,6.36,41.7,21.5,4,0,0,0,100.0,0
15,5.81,20.1,0.4,3,0,0,0,98.8,0
22,0.33,40.4,3.7,2,0,1,0,62.7,1
10,0.51,10.9,33.3,5,0,0,0,100.0,0
4,1.8,7.3,17.0,0,1,3,0,38.3,1
17,0.73,201.8,4.2,2,0,1,0,78.6,0
0,4.39,68.0,25.1,1,0,0,0,65.9,1
10,0.61,70.2,2.4,1,0,1,1,100.0,0
23,6.48,22.4,23.2,5,1,1,0,58.0,1
9,4.1,25.4,8.9,3,0,0,0,100.0,0
16,5.91,73.8,49.2,0,0,1,1,73.3,0
12,6.08,90.2,5.8,1,0,3,0,55.0,1
5,4.2,4.4,9.4,2,1,0,1,100.0,0
7,7.43,10.8,9.8,1,1,1,0,100.0,0
12,7.92,15.6,2.2,2,1,1,0,80.2,0
2,3.07,63.6,4.4,2,0,1,1,59.4,1
9,1.27,156.6,10.3,2,0,1,0,72.8,0
9,3.1,92.1,4.6,4,1,2,1,92.9,0
20,2.02,72.7,8.0,2,0,0,0,78.0,0
2,4.39,4.2,50.9,4,1,1,0,63.5,1
20,3.21,19.0,13.5,0,0,0,0,83.0,0
9,4.0,154.8,9.5,2,0,1,0,80.8,0
15,6.18,3.1,10.8,1,0,1,1,64.8,1
13,2.41,101.0,0.7,1,0,1,0,75.1,0
7,4.44,11.2,21.3,0,0,1,1,69.0,0
22,2.88,42.3,4.2,4,1,1,0,70.3,0
5,6.34,2.3,80.2,2,1,2,1,82.5,0
0,5.22,110.3,0.6,1,0,1,0,56.9,1
18,0.37,22.0,30.6,3,0,2,0,74.7,0
14,5.38,126.8,51.5,2,1,1,1,94.2,0
21,1.61,57.0,1.1,2,0,0,0,93.0,0
10,5.88,200.9,55.9,2,0,0,0,87.0,0
0,4.67,103.9,4.4,4,1,0,1,91.0,0
0,3.39,0.6,7.1,4,1,2,0,71.6,0
10,5.64,35.0,40.8,2,0,0,1,99.2,0
5,6.9,81.4,5.6,2,0,0,1,100.0,0
22,6.3,50.7,41.2,5,0,1,0,74.2,0
2,4.5,145.3,3.5,4,0,1,0,60.8,1
21,5.86,37.0,22.0,1,1,2,1,58.4,1
5,3.49,73.7,14.8,4,1,2,0,99.5,0
2,6.38,14.2,46.7,1,1,1,0,67.8,0
6,6.68,86.2,15.8,2,1,2,0,92.2,0
3,1.36,33.2,36.4,8,0,1,1,64.0,1
9,2.13,18.0,4.0,3,1,0,0,100.0,0
7,2.38,86.3,4.4,2,0,0,0,91.7,0
12,1.58,194.2,16.0,0,0,0,1,82.9,0
12,3.32,21.3,124.3,2,0,1,0,69.2,0
0,1.79,3.8,8.0,2,1,0,0,84.8,0
2,4.89,17.5,22.3,1,1,0,1,78.2,0
3,1.08,10.5,1.3,2,1,0,0,83.8,0
4,2.38,126.5,0.1,1,0,0,0,49.7,1
2,5.42,89.5,57.0,3,0,1,0,46.9,1
7,3.37,11.9,3.0,6,0,1,0,95.4,0
13,3.55,148.1,47.4,1,1,0,0,99.7,0
7,6.44,78.0,29.4,3,0,0,0,96.4,0
7,7.88,176.9,10.2,2,1,0,0,100.0,0
11,4.65,20.6,51.6,1,0,2,1,79.0,0
13,0.91,61.1,37.1,5,1,3,0,95.0,0
7,1.09,47.0,0.8,1,1,0,0,100.0,0
5,7.76,30.6,9.4,2,1,1,1,99.3,0
9,5.53,8.4,7.8,4,0,1,0,92.9,0
0,6.09,48.5,4.0,3,1,0,0,76.2,0
11,5.5,15.2,1.1,3,1,1,0,92.5,0
22,1.68,85.8,28.3,2,0,1,0,63.9,1
9,3.75,228.6,38.1,5,1,0,0,100.0,0
2,6.45,78.4,4.1,1,1,0,1,80.7,0
16,6.97,2.2,10.4,0,1,1,1,96.9,0
3,2.13,29.8,53.8,4,1,1,0,68.0,0
4,4.89,23.2,17.8,1,0,3,1,23.3,1
3,1.51,65.8,3.2,2,1,0,1,69.0,0
21,7.68,148.4,21.7,3,1,0,0,79.5,0
23,2.24,191.8,2.2,2,0,1,0,48.5,1
13,5.9,64.7,20.1,2,0,1,0,86.0,0
14,2.08,33.7,5.3,1,0,0,1,89.6,0
15,5.04,44.4,2.1,3,0,0,0,100.0,0
14,5.38,26.6,13.3,1,1,3,0,92.0,0
13,2.83,22.7,17.7,3,0,1,1,96.6,0
23,6.61,29.0,2.0,2,0,1,0,57.1,1
17,7.12,2.1,13.4,1,1,2,1,81.6,0
2,6.88,57.3,10.7,2,1,1,0,69.8,0
9,2.85,149.0,8.3,1,1,0,1,100.0,0
23,6.03,187.4,33.0,3,1,0,0,62.3,1
9,4.61,34.9,13.2,1,1,1,0,100.0,0
4,4.86,15.1,8.7,3,1,1,0,71.5,0
20,3.98,21.6,2.0,3,0,1,0,87.6,0
14,4.92,50.5,0.8,4,1,1,0,100.0,0
13,1.34,40.7,26.2,2,0,0,0,100.0,0
10,3.45,12.4,8.0,1,1,2,1,94.6,0
2,1.67,31.0,33.2,3,0,0,0,74.6,0
9,2.46,79.6,0.3,2,0,0,0,99.9,0
10,1.28,13.5,55.5,1,1,1,0,100.0,0
22,1.94,16.9,11.6,1,1,2,0,47.5,1
7,6.32,51.3,9.5,2,1,0,0,79.3,0
3,4.53,120.8,20.7,1,1,0,0,75.3,0
10,0.48,35.0,12.0,2,1,3,1,89.1,0
23,6.37,9.4,167.6,1,0,1,1,42.2,1
11,7.3,9.4,13.7,2,0,2,1,86.0,0
9,7.08,32.6,27.2,4,1,0,0,95.3,0
16,6.64,219.0,8.4,3,0,2,1,75.2,0
15,7.94,172.1,25.8,1,0,2,0,61.5,1
7,4.82,62.6,24.6,1,1,1,0,82.9,0
23,7.71,76.7,28.5,5,0,1,1,49.9,1
14,7.61,37.5,14.3,3,1,1,0,91.0,0
1,2.71,102.6,7.1,3,0,1,0,71.7,0
9,6.95,7.3,2.1,0,0,0,0,82.1,0
22,6.4,144.6,51.8,3,1,3,0,45.5,1
9,6.27,21.3,8.4,2,1,0,0,92.9,0
13,7.2,108.5,4.3,1,0,0,0,98.0,0
14,3.26,74.1,2.8,4,1,1,1,100.0,0
16,3.38,28.6,8.6,2,0,0,1,98.4,0
20,5.23,40.2,2.3,4,0,3,0,60.4,1
3,5.98,54.1,3.3,0,1,0,0,81.8,0
12,7.07,47.0,20.1,2,1,1,0,100.0,0
12,7.04,164.5,5.5,1,0,0,1,95.1,0
3,5.85,70.3,82.7,0,0,1,0,31.3,1
16,7.67,15.1,19.7,3,0,0,0,100.0,0
2,1.68,172.9,21.9,2,1,0,0,62.4,1
10,7.62,39.4,7.1,5,0,0,0,100.0,0
7,0.79,9.6,4.6,2,1,1,0,100.0,0
3,4.58,9.3,18.8,2,1,0,0,88.3,0
19,0.99,24.5,39.4,1,1,0,0,94.9,0
5,4.67,0.3,27.9,2,0,0,0,100.0,0
6,3.3,42.8,10.3,2,0,1,1,75.0,0
20,0.93,0.6,11.6,3,0,0,1,82.6,0
21,5.29,24.1,1.9,2,0,2,0,65.9,1
0,5.93,33.0,26.9,2,1,0,0,63.4,1
6,1.64,31.7,14.2,4,0,2,0,97.4,0
17,5.65,121.8,38.5,1,0,1,1,71.0,0
18,1.68,2.0,5.5,1,0,3,0,74.5,0
23,1.36,63.4,21.0,1,0,0,0,58.8,1
13,1.43,3.7,59.8,1,1,0,0,100.0,0
0,4.91,105.0,0.6,1,1,1,0,60.7,1
20,6.3,9.4,13.0,3,0,0,0,100.0,0
3,4.9,43.5,3.0,1,1,0,0,77.3,0
2,6.53,85.4,31.2,1,1,0,0,49.1,1
16,4.85,108.1,4.2,3,0,2,1,80.9,0
14,6.44,98.5,24.6,2,0,0,0,100.0,0
1,7.82,39.5,24.5,3,1,1,0,66.3,1
4,3.31,136.7,31.9,4,1,0,0,92.9,0
14,1.45,105.2,14.8,6,1,0,0,100.0,0
6,1.34,172.7,0.6,6,1,1,0,100.0,0
16,4.9,61.3,0.4,1,1,3,1,70.5,0
9,4.51,74.5,42.8,1,1,0,0,98.2,0
14,1.72,26.2,45.9,3,0,2,0,72.7,0
11,7.09,20.4,38.8,0,1,0,0,100.0,0
8,7.67,1.7,17.7,4,1,2,0,100.0,0
8,2.25,35.8,34.0,6,0,0,0,100.0,0
16,1.89,45.5,4.0,4,1,0,1,100.0,0
12,1.95,12.6,5.3,3,0,1,0,97.3,0
14,3.28,5.8,8.3,3,1,1,0,100.0,0
13,6.87,40.5,26.6,5,1,1,1,100.0,0
4,4.89,56.8,14.4,1,1,0,0,69.0,0
21,0.82,305.3,30.1,1,1,1,0,66.6,1
13,3.94,89.6,9.5,3,1,1,1,100.0,0
17,1.0,2.8,29.7,2,0,1,0,92.7,0
21,3.43,39.6,24.1,0,0,1,1,49.6,1
22,3.41,3.1,44.6,3,0,1,0,75.1,0
16,5.29,19.0,9.4,0,0,0,0,89.8,0
18,4.53,24.4,22.6,0,1,1,1,90.1,0
11,7.04,65.5,46.2,1,0,1,0,79.4,0
17,0.43,104.5,37.0,2,0,3,0,67.3,1
7,6.26,36.5,1.7,1,1,0,0,100.0,0
17,0.47,31.8,35.4,1,0,1,0,94.7,0
2,2.64,50.5,44.4,2,0,0,0,57.8,1
21,7.07,16.7,8.1,1,0,1,0,72.4,0
5,5.62,23.9,15.2,3,0,1,0,100.0,0
15,1.62,57.8,9.2,2,0,1,1,83.2,0
0,4.08,18.7,26.4,1,0,0,1,52.8,1
3,5.86,3.7,52.8,3,0,1,1,52.3,1
23,7.52,25.5,10.7,2,0,0,1,56.7,1
20,5.18,21.6,15.4,2,1,0,0,89.9,0
5,0.49,16.1,3.1,7,0,0,0,100.0,0
3,4.15,2.2,12.7,2,0,0,0,64.5,1
19,1.48,210.5,7.2,2,1,1,1,91.3,0
23,0.67,14.8,12.0,1,0,1,0,59.9,1
4,4.91,61.8,26.4,4,1,0,0,72.2,0
15,6.28,24.1,32.0,0,1,0,0,78.5,0
6,0.58,150.0,2.2,2,0,0,0,99.4,0
17,6.33,6.5,39.9,2,0,0,0,100.0,0
10,5.74,134.8,2.3,1,1,0,1,100.0,0
3,6.09,3.6,19.4,2,0,1,0,68.4,0
7,2.18,120.4,33.4,1,1,1,0,88.1,0
12,3.33,87.0,16.9,4,0,1,0,97.1,0
19,1.22,43.6,37.9,5,0,0,1,100.0,0
0,2.14,70.0,6.8,1,0,0,0,65.2,1
22,2.63,7.5,37.2,2,1,2,0,52.5,1
15,2.76,54.3,12.2,2,0,0,0,100.0,0
21,1.65,115.7,18.8,2,0,2,0,73.4,0
22,1.75,252.9,37.0,2,1,0,0,58.9,1
3,7.24,4.6,7.3,1,1,0,0,67.5,0
2,6.34,67.4,26.0,1,0,0,1,60.8,1
18,2.95,18.4,5.9,4,1,0,1,100.0,0
4,7.6,22.1,16.7,1,0,0,0,78.2,0
3,2.14,28.2,9.8,3,1,0,0,80.5,0
11,3.43,47.6,7.4,3,0,1,1,67.6,0
21,6.56,180.0,52.3,3,1,0,0,78.1,0
19,3.71,9.6,10.2,2,1,1,0,90.3,0
12,2.11,69.1,6.9,2,1,0,0,100.0,0
4,3.14,1.8,2.3,2,0,0,1,61.5,1
8,4.16,48.9,42.1,5,0,1,0,94.5,0
16,5.08,8.7,21.5,2,0,1,1,88.3,0
3,3.42,49.7,21.4,3,0,2,0,71.2,0
12,3.62,68.5,0.9,2,1,2,1,92.4,0
0,2.33,35.6,2.4,3,1,0,1,85.4,0
7,4.42,27.8,38.4,1,0,0,0,94.7,0
5,1.99,41.6,6.0,2,1,1,0,100.0,0
16,6.98,28.0,3.1,2,1,2,0,84.6,0
21,6.05,100.5,2.3,2,0,0,0,63.7,1
3,3.46,70.6,13.6,0,0,0,0,48.6,1
19,6.05,45.2,5.8,1,1,0,0,90.5,0
15,0.35,51.2,20.0,3,1,1,0,94.7,0
23,2.95,30.4,32.3,3,0,1,1,49.5,1
21,3.69,9.2,48.4,1,0,2,0,56.1,1
2,3.92,14.1,12.0,0,1,1,1,62.4,1
17,6.07,39.2,6.3,4,0,1,0,98.4,0
14,7.71,5.3,15.8,0,0,1,0,75.7,0
2,3.23,141.8,14.4,3,1,0,1,54.3,1
6,3.0,84.8,53.7,2,1,2,1,72.1,0
22,5.0,74.9,31.9,3,0,0,0,60.5,1
13,2.47,75.3,4.4,3,1,0,0,100.0,0
8,1.39,5.4,37.1,0,1,1,0,88.6,0
7,7.7,35.6,5.6,3,0,1,0,87.8,0
20,6.53,134.7,25.0,0,0,1,0,47.4,1
6,7.68,57.1,19.1,4,0,2,0,95.5,0
3,1.98,68.0,20.0,3,0,0,0,70.4,0
13,0.44,464.7,3.5,2,0,1,1,69.2,0
23,3.67,4.5,10.9,3,0,1,0,50.2,1
4,7.49,13.4,15.3,1,0,1,1,30.1,1
6,1.37,15.9,26.5,5,0,1,0,100.0,0
11,1.2,43.7,41.6,5,0,0,0,100.0,0
4,0.83,223.4,1.0,3,0,2,0,50.1,1
15,6.19,27.4,3.8,3,0,0,0,100.0,0
6,6.35,179.7,10.1,4,0,0,1,81.8,0
3,5.65,1.2,3.5,2,1,2,1,54.2,1
6,0.71,74.3,31.8,1,1,0,0,96.4,0
22,5.87,112.3,43.6,3,0,1,0,54.9,1
22,3.75,15.8,35.8,5,1,0,1,80.6,0
12,1.52,17.4,3.9,1,1,0,1,100.0,0
9,2.57,101.9,16.8,2,1,0,0,100.0,0
19,4.16,33.0,19.4,3,1,2,0,90.9,0
4,2.84,39.6,11.4,2,0,2,0,64.9,1
15,7.77,58.0,6.1,2,0,1,0,78.4,0
16,3.96,33.0,19.5,5,0,2,0,93.9,0
17,3.17,61.7,7.1,2,0,0,1,88.1,0
5,5.48,13.4,1.8,5,1,1,0,100.0,0
17,5.31,164.2,14.0,2,0,2,0,65.2,1
14,0.32,142.5,37.0,1,0,0,0,85.7,0
21,5.06,31.8,0.7,5,0,0,0,99.1,0
4,2.18,8.3,32.5,3,0,2,0,52.0,1
14,3.19,29.0,14.1,2,1,3,1,78.1,0
19,5.74,19.4,14.6,1,0,1,0,61.5,1
6,4.59,9.8,36.1,4,0,0,0,100.0,0
17,3.14,49.7,0.3,4,1,1,0,100.0,0
2,1.59,29.8,1.3,3,1,0,0,97.5,0
17,4.19,55.3,5.7,2,0,0,0,100.0,0
14,2.76,32.0,26.6,2,1,1,0,100.0,0
4,7.33,227.4,10.9,2,0,1,0,41.8,1
1,4.41,3.8,38.1,0,0,1,0,54.2,1
17,6.97,97.1,19.1,4,1,1,0,100.0,0
5,3.3,31.0,27.2,4,0,3,0,82.5,0
11,6.67,4.7,99.8,3,0,2,1,73.9,0
1,0.74,77.3,10.2,4,0,1,1,56.8,1
23,2.6,33.5,25.1,3,0,0,0,69.4,0
13,0.9,82.6,22.5,2,1,0,0,100.0,0
22,0.54,55.0,31.9,1,0,0,0,60.3,1
3,7.38,113.7,52.8,3,1,0,0,56.0,1
4,5.82,34.6,13.4,2,1,1,1,61.5,1
14,5.11,179.0,20.4,2,1,0,0,100.0,0
14,4.4,31.5,56.7,4,0,2,0,98.6,0
18,4.69,1.9,22.1,3,0,2,0,89.0,0
22,5.22,318.5,5.3,3,1,1,0,69.8,0
19,6.66,32.3,28.7,2,0,1,0,94.8,0
3,4.9,22.8,7.9,3,0,0,0,73.2,0
7,6.06,14.7,14.6,1,0,0,0,91.5,0
21,2.46,27.5,7.9,2,1,0,0,86.8,0
13,7.82,43.2,66.9,3,1,0,1,100.0,0
20,0.55,26.4,49.2,3,1,2,0,81.4,0
13,3.28,46.9,2.1,3,0,1,0,92.4,0
1,7.09,29.5,35.8,0,1,1,0,54.1,1
11,1.69,51.6,26.9,2,1,1,0,100.0,0
19,1.39,6.2,3.1,4,1,1,0,81.3,0
15,3.11,11.9,4.1,1,1,1,0,100.0,0
3,3.6,20.6,9.4,2,1,4,1,41.3,1
5,7.49,25.9,24.7,2,0,0,0,100.0,0
20,6.74,25.4,24.2,3,1,2,0,78.0,0
23,3.87,52.8,1.6,4,1,0,0,81.4,0
18,7.79,287.7,13.8,2,1,0,1,96.2,0
2,5.25,25.5,8.6,1,0,0,0,72.9,0
